-- phpMyAdmin SQL Dump
-- version 5.2.2
-- https://www.phpmyadmin.net/
--
-- Servidor: localhost:3306
-- Tiempo de generación: 22-07-2025 a las 04:02:33
-- Versión del servidor: 8.0.30
-- Versión de PHP: 8.3.23

SET SQL_MODE = "NO_AUTO_VALUE_ON_ZERO";
START TRANSACTION;
SET time_zone = "+00:00";


/*!40101 SET @OLD_CHARACTER_SET_CLIENT=@@CHARACTER_SET_CLIENT */;
/*!40101 SET @OLD_CHARACTER_SET_RESULTS=@@CHARACTER_SET_RESULTS */;
/*!40101 SET @OLD_COLLATION_CONNECTION=@@COLLATION_CONNECTION */;
/*!40101 SET NAMES utf8mb4 */;

--
-- Base de datos: `asistencia_db`
--

-- --------------------------------------------------------

--
-- Estructura de tabla para la tabla `asistencias`
--

CREATE TABLE `asistencias` (
  `id` int NOT NULL,
  `sesion_id` int NOT NULL,
  `estudiante_id` int NOT NULL,
  `hora_registro` timestamp NULL DEFAULT CURRENT_TIMESTAMP,
  `firma` longtext,
  `created_at` timestamp NULL DEFAULT CURRENT_TIMESTAMP
) ENGINE=InnoDB DEFAULT CHARSET=utf8mb4 COLLATE=utf8mb4_0900_ai_ci;

--
-- Volcado de datos para la tabla `asistencias`
--

INSERT INTO `asistencias` (`id`, `sesion_id`, `estudiante_id`, `hora_registro`, `firma`, `created_at`) VALUES
(2, 3, 2, '2025-07-22 00:36:55', 'data:image/png;base64,iVBORw0KGgoAAAANSUhEUgAAAz4AAAFACAYAAAB9fKlAAAAgAElEQVR4Xu2dBbgsV5W2+ZHB3f0GJ4EQgvvFNbjrxZ1AcBlyCR5ggCADwS4WAoRAkOBwcQmQAAOBIHOxMHhwh/97h9ozNc2Rlqrqqup3Pc96us/pql17v1Wnz157L/l/J1IkIAEJSEACEpCABCQgAQmMnMD/G/n4HJ4EJCABCUhAAhKQgAQkIIETafj4EEhAAhKQgAQkIAEJSEACoyeg4TP6W+wAJSABCUhAAhKQgAQkIAENH58BCUhAAhKQgAQkIAEJSGD0BDR8Rn+LHaAEJCABCUhAAhKQgAQkoOHjMyABCUhAAhKQgAQkIAEJjJ6Ahs/ob7EDlIAEJCABCUhAAhKQgAQ0fHwGJCABCUhAAhKQgAQkIIHRE9DwGf0tdoASkIAEJCABCUhAAhKQgIaPz4AEJCABCUhAAhKQgAQkMHoCGj6jv8UOUAISkIAEJCABCUhAAhLQ8PEZkIAEJCABCUhAAhKQgARGT0DDZ/S32AFKQAISkIAEJCABCUhAAho+PgMSkIAEJCABCUhAAhKQwOgJaPiM/hY7QAlIQAISkIAEJCABCUhAw8dnQAISkIAEJCABCUhAAhIYPQENn9HfYgcoAQlIQAISkIAEJCABCWj4+AxIQAISkIAEJCABCUhAAqMnoOEz+lvsACUgAQlIQAISkIAEJCABDR+fAQlIQAISkIAEJCABCUhg9AQ0fEZ/ix2gBCQgAQlIQAISkIAEJKDh4zMgAQlIQAKrQuCTGeiVogdGH70qg3acEpCABCTwDwIaPj4JEpCABCQwdgInywDfF91aDfSded1n7IN2fBKQgAQk8H8JaPj4REhAAhKQwNgJfCoDvGI1yL/kFUNIkYAEJCCBFSOg4bNiN9zhSkACElghAifOWI+JXrI25nvn/ctXiIFDlYAEJCCBioCGj4+CBCQgAQmMlQBGz6Vqg/to3l9jrIN1XBKQgAQksDEBDR+fEAlIQAISGBsB/rd9ObpHNbC/5XVb9LVjG6jjkYAEJCCB6Qlo+EzPyiMlIAEJSKD/BM6ULn4xep6qq3/O6yWix/W/6/ZQAhKQgATaJKDh0yZd25aABCQggS4JnC4X+2709NVFf5/Xi0e/02UnvJYEJCABCfSTgIZPP++LvZKABCQggdkInD2HfzN6mprRgyFEFjdFAhKQgAQkYB0fnwEJSEACEhg8gb0yAlJWn6IayW/ziqvbCYMfmQOQgAQkIIHGCLjj0xhKG5KABCQggSUQOGeu+e2a0fOzvL9MVPe2JdwMLykBCUigzwQ0fPp8d+ybBCQgAQlsROAC+fBL0VNXB/04r1eLmsjA50YCEpCABP6JgIaPD4UEJCABCQyRwPnTaWJ6Tlp1/q953V2jZ4i30j5LQAIS6IaAhk83nL2KBCQgAQk0R2DvNHVU9MRVkz/P65U0epoDbEsSkIAExkhAw2eMd9UxSUACEhgvgZtmaEfUhndk3t94vMN1ZBKQgAQk0BQBDZ+mSNqOBCQgAQm0SYCMbQdF7127yLF5j3ubIgEJSEACEtiUgIbPpog8QAISkIAElkzg2rn+G6JnrfXja3lPcVJFAhKQgAQkMBUBDZ+pMHmQBCQgAQksgcBZcs3XRK8bPUm0/M/6Sd5Tp+dPS+iTl5SABCQggYES0PAZ6I2z2xKQgARGTuABGd9zo9TlOXu0JDL4ad6TxvrXIx+/w5OABCQggYYJaPg0DNTmJCABCUhgIQL75OyDo6eJHhK9V83o+WHeXzD6+4Wu4MkSkIAEJLCSBDR8VvK2O2gJSEACvSNAHM9LoriwvajSr+f1ZFVPf5FX0ljv6l3P7ZAEJCABCQyCgIbPIG6TnZSABCQwWgK3y8gOjOLO9vLog6K4sn0lSiY35FfRi0R/NFoKDkwCEpCABFonoOHTOmIvIAEJSEACEwQwaIjfuWOUBAUvjT6hOmaPvH4+evLqZxIZnDf6RylKQAISkIAEFiGg4bMIPc+VgAQkIIFZCFwuB7O7c8XoN6OPi76j1gDxPRQnLf+bcG87X/Q3s1zEYyUgAQlIQAJrEdDw8bmQgAQkIIE2CZwhjbObc6vo6aNvjD42esLERW+Yn99VM3p+l/e4t/2gzc7ZtgQkIAEJrA4BDZ/VudeOVAISkEBXBDB2tkafGiVZwReij4oetU4HrpzffzRKrR7k79X5/E6RgAQkIAEJNEJAw6cRjDYiAQlIQAIhsGdl7Fwzr1+OviL6uugfNqCzez47Jlqyt/057y8b/ZJEJSABCUhAAk0S0PBpkqZtSUACElhNAjfPsJ8YvVD0TdFHRCdd2dYic9b8clf0VNWHf83r5aPsECkSkIAEJCCBRglo+DSK08YkIAEJrBSBp2e0943+NErSAtJRTytkavtqlEKlyN+i1PLZOW0DHicBCUhAAhKYhYCGzyy0PFYCEpCABM4fBBQavVoUdzYMn1nd0k6bc74dPUsNJ6mt3yBeCUhAAhKQQFsENHzaImu7EpCABMZF4EYZzvOjZ4rizrZWZrZpR3x8DjxndTCJDP41SiIERQISkIAEJNAaAQ2f1tDasAQkIIHBE6DQ6FOid4uSoOBJ0c2SFWw26O/mANzcitDm9s1O8nMJSEACEpDAogQ0fBYl6PkSkIAExkeA7GwviO4dJdEAyQrWS0U9y+gpWnrB2gkH5P3+szTgsRKQgAQkIIF5CWj4zEvO8yQgAQmMj8CDM6SHRc8YfXuU+J2NUlHPQuC4HHzh2gmvzfu7ztKAx0pAAhKQgAQWIaDhswg9z5WABCQwfAJnzxCI3blxlBTUxNvsaHhYR6e9vWptHpb3t2n4GjYnAQlIQAIS2JCAho8PiAQkIIHVJFBq71wsw/9E9OHRWbOzTUPuQzmIgqZF3pw3t53mRI+RgAQkIAEJNElAw6dJmrYlAQlIoN8EzpDu/VsUo+c30VdFqcXTlDvb5Og/ll9ctfbLnRNGUL9p2TsJSEACEhgVAQ2fUd1OByMBCUhgTQIYOqSL3i36qehjok0kK9gI9yvy4T1qB7CrVDeCvFUSkIAEJCCBTglo+HSK24tJQAIS6IwA2dO2RzF6fh0lSxu7O10IMTy3ql3oyLwnhkiRgAQkIAEJLI2Ahs/S0HthCUhAAo0ToO7O/aL7Rs8c/WCUlNEkF+hKyNZ259rF2GG6clcX9zoSkIAEJCCB9Qho+PhsSEACEhg+gRtlCI+NUnfn69FnRw9ZwrBwoavvKn0yP19lCf3wkhKQgAQkIIF/IqDh40MhAQlIYJgELpJuk3p6nyiubC+JkpaapAXLkGfmoo+qXfjdeY9BpkhAAhKQgAR6QUDDpxe3wU5IQAISmIoArmyknb5P9FTRI6LssHxrqrPbO+jxafoptebfmPe3b+9ytiwBCUhAAhKYnYCGz+zMPEMCEpBAlwQwdoiZeUCUrGzHRNnp+XiXndjgWsQTPa/2+Vfzfo+e9M1uSEACEpCABP6HgIaPD4MEJCCBfhK4dLr1jOhloxgTB0dJHNAnuWM68/pah4zp6dPdsS8SkIAEJPB/CGj4+EBIQAIS6A+Bs6crJCa4RvTPUQqM8nNbBUYXGfn9c/KLaw3o3rYITc+VgAQkIIHWCWj4tI7YC0hAAhLYkMAZ8um26MOiv4/iwvaI6Ak95nbL9O0ttf59Ou+v1OP+2jUJSEACEpDAiTR8fAgkIAEJdE+gJCmgyOc5ojujuLV9qfuuzHzFy+SMz0RPUp35hrzi8qZIQAISkIAEek1Aw6fXt8fOSUACIyKAGxuGzqOjf41+JUpx0aMGNMZLpK9fiJ6s6jMptHF5UyQgAQlIQAK9J6Dh0/tbZAclIIEBE2Bn5yHR+0VJP/2p6NMGZuwU/OfKm29GT1n9gvTVZJdTJCABCUhAAoMgoOEziNtkJyUggQERIGaHXZ1bRHn/5ShubB8c0BjW6urP88szVh9QO+hxAx+P3ZeABCQggRUjoOGzYjfc4UpAAq0QKDE7xLqwM0KwP9nYhm7sFFjfy5vzVD/sn1dc9BQJSEACEpDAoAho+AzqdtlZCUigZwQelf7cLXq+6OeixLyQ1nlM8rUM5qLVgB6Y13oK6zGN07FIQAISkMDICWj4jPwGOzwJSKBxAg9Ii/eKXjC6K0rMztiMnQLtPXlz/eoHDB4MH0UCEpCABCQwSAIaPoO8bXZaAhLomMDtcr2HRslq9oPoQdFXRvtYWLQpNC9IQw+qGntCXp/aVMO2IwEJSEACElgGAQ2fZVD3mhKQwBAIXDudfEz0ilEC+3dEnxvtc2HRpriSnIGEDAgGD4aPIgEJSEACEhg0AQ2fQd8+Oy8BCTRM4HJpj2xl14n+OnpEdHv0Rw1fp8/N3SCde3f0b1HSVePKp0hAAhKQgAQGT0DDZ/C30AFIQAILEqCw6IHRm1TtvDOvT4x+Z8F2h3j65dPpT0RPEn1s9JlDHIR9loAEJCABCaxFQMPH50ICElhFAqXWDhnZThvdGSVF81GrCKMa8x55PTp6suidooesMAuHLgEJSEACIySg4TPCm+qQJCCBNQkUY4dEBeeIfj5KIc4j5fXf6biPi548+tLo/WQiAQlIQAISGBsBDZ+x3VHHIwEJ1Alg7JCC+S5RJvcYOy+MjjX99Dx3//Q5Cbc+Xg+L3maeRjxHAhKQgAQk0HcCGj59v0P2TwISmJXAKXIC8Sm3roydY/NKaubXztrQihyP0YNR+LHo1VdkzA5TAhKQgARWkICGzwredIcsgRESqLuxnTnj+2qUgpsaO+vf7DPloy9Fzx3FONx9hM+FQ5KABCQgAQn8DwENHx8GCUhgqATOn44/OHrL6Bmjn4tSe+aDQx1Qh/0+Va716eglo6Tq3jP64w6v76UkIAEJSEACnRPQ8OkcuReUgAQWIHCRnPv46LWiuLR9PPqc6nWBZlfuVFJWXzn6x+jeUXbIFAlIQAISkMCoCWj4jPr2OjgJjIIARUUfGSX+5HfR90afGyULmTIbAVJ3vz26Nfrb6E2jH5qtCY+WgAQkIAEJDJOAhs8w75u9lsDYCdwoA8SNjYKaBN8zOX9K9ISxD7zl8b0r7cMWuXn0iJavZ/MSkIAEJCCB3hDQ8OnNrbAjElhpAiQn2Ba9e5T3x0dJTPDK6B9Wmkwzg8ctkFTVN66au3deX95M07YigYUIkEb9u9HTRZ8afcJCrXmyBCQggQ0IaPj4eEhAAssk8Khc/PZRCorujL4ianKC5u/IGyrOtEyqb5JAKBJYJgHi9F4VPW+0zEXelPcUGFYkIAEJtEJAw6cVrDYqAQmsQ4Cdh3tE7xtlZ4eV3v2iR0msNQKvS8t3qlpnB+2erV3JhiWwOQGSkzwoymJHkb/mzUmiz44Sz6dIQAISaIWAhk8rWG1UAhKoEcDYuXOUmJ2zRr8SJTnBkVJqnQDubMXQYdfnjq1f0QtIYG0CzDc+Gb1i9THurO+PPjD67ejZok+OPlGAEpCABNoioOHTFlnblYAEHhAE7OycK/q1KGmn3yaWzgi8LFe6V3W1d+f11lGy4ikS6JoA2QRJUkK9rc9GySZI/agi7PheNvq+6PW77pzXk4AEVoeAhs/q3GtHKoEuCGDs3CW6e5TaMM+LvrGLC3uN/0Pg4PxEAgPkM9GtUZNE+JAsg8AFctEvRimaSzzfm9foxCH53R2i/xU95zI66TUlIIHVIKDhsxr32VFKoE0CBCM/PHrh6DeiTLqJK3Gi3Sb19ds+KB/hVoiwun6F5XTDq0rgRJcMA4rl4u563ehH1mHy4/weN1hc3i4oNwlIQAJtEdDwaYus7Upg3AQwdh4aZWfn+9FXR5lwa+ws976/MJcnZgJhx+3aUVbRFQl0TYBYHmJ4SFpwtejn1+kAhYmLQfTi2vPbdX+XdT2+S/nuPDS677I64XUlsCoENHxW5U47TgksToB/0GRj2iv6gygubE+PauwszraJFuqJDL6ZBi8d/U0TDduGBGYkcJkc/9HoSaMYPew8riekrye1NcJCyrEzXmvIh1OgmR0xOCFkt/tSdO8hD8q+S6DPBDR8+nx37JsElk+g7OxcIl3B2Hlr9ElRjZ3l35t6DzBAH1P94ri8str+i3510d6sCAHq8jB5P3H0QtGfbDDuM+czkhywK8TzeqYVYcQwbx59S/Rv0etEiYfcs+LG4hJxUYoEJNAwAQ2fhoHanARGQOByGcPToqxGnhAl8PiZ1fsRDG90Q6jX6Tkmo7tJFCNVkUDXBK6RC5JB8ORRjJhfbtKB1+fzkmKd4sUlC2HX/e76emS1Ozz69+j1oh+uOoARxLzsYVEMIUUCEmiYgIZPw0BtTgIDJXCj9JuA+KtG/xSlgvr2aD3l7ECHNupuvyijI5MesitKvMT3Rj1iB9dXAnukY8TxsNNzkep53Kivp8mHP4+erDqIc0iOMna5YQb4rihGDjs8xOIVwRBC2Aki/bwiAQk0TEDDp2GgNieBARFgZ+dxUfzrfx8lZuffotTbUPpPoB7Tw4STCdVGbkX9H5E9HCqBLek4tbqYuF88umuKgRyWY25VHcfkH8Np7PKEDJAirX+Mkr1ucmf2z/kd8T7w223sMByfBJZBQMNnGdS9pgSWR4BV1adESS37lyguFvwzJi5EGQ4BJo3ECBAbcXSUAPLfDqf79rRBAhQFvVuUzIrLiOu6cq77gepZvGhed005NuIEcYlDbhtdq77PlE0N4rBXppd3j/4qilHDbtekFFc3DKB/GcSo7KQEBkZAw2dgN8zuSmAOAmfPOduryQVuKKSY1diZA2QPTjll+vD2KMHQyJejxAiYsroHN2cJXdiRa941yv/yL0TJptalsEtDED47GLjJYoRPIxz7sepADCCe6zFL2d36aQaJe9sP1xjs/fM70nkjZGM87ZiBODYJLIuAhs+yyHtdCbRL4AxpHuOGwGH+gX46ilvbUe1e1tZbJHC6tP3eKBnbkE9GcW9jBVlZLQJbMlzcG+tZ0N5TPQ9dkSD5yaeiGD1kfaT46LTCeeU5Hns8y0sy1vtWf68sUqy3M4u7H26CyI4ou0OKBCTQMAENn4aB2pwElkiA6uj7RwmKPVuUlLLbo9TJUIZPgCxQt6iGgVH71OEPyRHMQQDXNmK5cHMs8pm8KYbEHE3OfAo7S1wTo+cc0V/P0ALfUxxfatdgNH1lhvOHdGipUYRLcalVtFb/+b5m15Y5GXFSZ43+bEgDta8SGAoBDZ+h3Cn7KYH1CZDVi/SnTEBIZ/zCKIkKlPEQwD3x2lEy7t0++rbxDM2RzEiAHb7iBsUk+SHV3/yMzcx9OLW93hAlIQqubrtmbGlbjn9VdQ7prtmdHqOUmB5il+4QpTjpenJoPoArwnc4xYcVCUigBQIaPi1AtUkJtEyAFdObRR8dvXCUFLD4hpPlSxkXAVL+slp82Sh+/9To+ci4huhoZiDwzRxLNjCEQHh2Ebp8HvbJ9Y6IYnydP7pZnZ61hnZsfnmx6oOX5vV+M4x/KIdixGDMTLsTxw4Yf+vI1o7v6VCY2k8JNEJAw6cRjDYigU4I8M+UAn9Mgqmvc1C0BMN20gEv0imBs1QTpwvkFTeY60dxX1RWkwAGMJNihJ0eXMTqNWDapnKPXIAioxg754yy4zOrkMSAGJcy98B4+u6sjfT8eNzUvh8laxtZNDdzAyxGEsOC6al6Pj67J4FBE9DwGfTts/MrQIBaO0+MkgXp+CgpazF4yISkjJcAE8vPRc8VpT4KRs/YJojjvXvNj+yzaZLvgiIEwfNcdCXbcyHiB/kOwhAntmceeXhOenZ14q68jrFWDUketkRJ801Smc0E17ZLVQfhQkhCGkUCEmiJgIZPS2BtVgILECDdKRMEJrtMMA6JPjN6wgJteupwCJCpCxeZC0VxY6Jej/d+OPev6Z7WJ8bs9BDrxe5PV7IjF6JOEKnTrxCdZ6en9BVjjVo/CLGID+5qEB1dhx140lITc/m8Ka5Jggpq9pS52Ja8t4D0FOA8RALzEtDwmZec50mgWQK4fOwXvU31j5CA2GdFcWlTVocAK/mkqSbg+6PRa6zO0B3pGgTqaZ8xeoiN6bLYMAsuj6qeyasseIfIRlcv2nm+/Py9Bdvs0+nXTGc+FGWX50pTduyhOe651bHU9mGHV5GABFokoOHTIlyblsAmBEhSwMSCYpRnjr4uenDHExtvUn8InDddIWaDIGeeA2p/KKtLgDo9e1fD/0tecTHr0lDYkeux00M/2OnZKCvZNHcJV7nt1YG78jo2Nzd2avgeP/0MrNhFI1YL8W9+mqfIYySwIAENnwUBeroEZiTASv62KJmMTh1lVf9J0S5XcWfssod3QICJJc/Cv0QPjJKxT1ldAj/O0AmSR3CFOnv0Fx3iODLXojhuk0VRv5X2MN4QFnwe0+F42r7U83MB0orvGyUGcxrBzY309CeuDiaZibV7piHnMRJYgICGzwLwPFUCUxJgZ4eMSKzgnzv69ui/R4+a8nwPGzcB3Nk+EKWg412i7Pwp3RBgdZ5djVtGt0SZiL4z+ogo6aKXIfU4GDKgkb66S5dX4ssuH31t9K4NAThZ2iFescw5WACaJxV2Q91ptBmSGHwsSjISFjCmFWKBSlZO3dympeZxEliQgIbPggA9XQLrEOAf+xOi1F1h4oIL09Oib4nitqJIAAI3jR4eZZLNBJysTkq7BO6d5h8fPV2UuJO1hEk5tbK6rJFDX4gPIQVykVvnDd8ZXcjJc5GvRPm+IvPaIxu86L+mrQOq9sh6VmoRNXiJpTWFoUq8Em5usyR++HiOL3FTO/L+7ksbgReWwAoR0PBZoZvtUFsnwD/zx0ZvFCUdMUX+XhAlu89PW7+6FxgaAWoyUcARQ5gJECvGSjsESB7ywOi2aHEhm+ZK781BJBzZrBbLNG1tdAz1bajVhDFWhGQGxQ1q0fanOR9Xy6tFMXhKyulpzpvmGFx5KbaMNG1UTXP9to7BJfUZUXbzidGZRdgBw7UVIZMn8T6KBCTQMgENn5YB2/zoCeC6Rp0dXGXw0SYAmCKTZGjbOfrRO8B5CTC5JM6BnQUmPV0Grc/b5yGeR7FfYklutUHnf5LP3hdlZ4XJOTF3uKcWwc3sHC0O/rRp+wdRXhHe871ybHT3Fq9bb5qdHq5FnbBtDV9zMmUzO1tjSM++JeP4ehR2JQnFtOgwMDE0kd/U7v205/fpOIx1nlmSsvxblFIMigR6S0DDp7e3xo71mACrx7hu4KZUVo8pLsmKH0Gu/CNTJLAeASbiT68mC0yYCGRXmiPAxJraR0+NsvO6lrAby30g1m5ScPlipxaXuCKszJNkoGkhwQlFQctOD651vL90FNcwMqG1KcTeUBx1ryiuuTBrWuopmxkrRt0YBMOF+B52+metvUP81J0rCNRkutZAgTwo/cbY4TlCXhFlJ1uRQG8JaPj09tbYsZ4R4J8bAc+4veDLjTB5IlHBk6NmZevZDetpd0qsAyvF7EZoJDd3o/h/9oAoE/iNdmiYpFJz5T83uTQJSZjIIdMWpJxlNJfKwUx6S5zRB/OeuCK+V3BxwwBq28WOoPyrRttcqcewulwFBtdOMloOXUj+QBKIeSf67JCUmj0kkMAQGppQgBb30SJ/yJtTRXHRVCTQWwIaPr29NXasBwTY2WHFlQQFZWeHeAyCUpnA8qpIYFoC7Aiyi8Bzg6uL0hwB3LSIxznPRJPfzM9bomTMQ75fsd815aVL3MsxOZ5dmKbkQmmI+jhlp+cTeY8BQvwLrkJduLkdmuvcLvqy6H2aGtga7RDwX1wHmeyTwWzoQmpx4rJIMz5rdrq66x9JTWDTxm5im4zLLh7GTrm3ZKcs7nttXtu2JbAQAQ2fhfB58ggJYOw8LnqLaDF2WMGiBsWLoiQqUCQwKwFWhtlBIFXyPrOe7PEbEqB+Ci6mdSFQ/N3RR9V+iUshSSQwhqYV0l0Tj4KRwg5dE8KEmWQnrI4jpC8njTnuQuzw4GqHG+07mrjYOm0ckt/fIcqONbtMbQmuYBh1CEYnRXqHLrgD8j9i3tTzt8+5JXvjN/K+nsVvCGxwyyP9PsbfmaoOvymvGNGKBHpPQMOn97fIDnZAADc2JkglQUG55M+rf1Db82pWtg5uxEgvwaQAF8km66KMFNXMwyqT0HIiSSL4W8aAYHJZEgaQTp6J2X/MeAVifYhjaMrVjdV+djzKosr78/56VZ+KcUx2t/Vik2bs/pqHEzvEjjWGIRko25Ty7HONMRQtxc2Z+0fCi3mNOO75dSroXcRxNXl/ScTCIsDvomSl4znmFSN+WXWvmhyfba0AAQ2fFbjJDnFNAhg7ZGPjHz/Z2IqwdY/fO2lKj5adBBYkgPsVE9tnReu7Dws2u/KnEwNDBrISIA6QA6PUymJSeViNEHVWuAfzZM77Wc5jUtdE7AI7OmSQYxcJqRs97CaVgsYkvGjru6fEmDXturfeA8mCEcYCu+a8skswZPlUOk+RUmJ85k0/j1FOBjSkiziupnizM0VcEzuS7FKW5B/UH3tNUxexHQm0TUDDp23Ctt8nAmQTos4OqW3rwc+sVBGAixvbG/vUYfsyWAL4vePWdu1oW9myBgtnwY7zf2tHlKBwhEk1OzK4u026ve3K75ikYnDMKpfJCRgjB0WJaVhUKNy5W9VI3ehh1ZyskDwzuNOyw9SG4D53RLQrowe3YfgjpHy+RBuD6rDNG+da/E3jJninOa97sZxH/BZCco0LzNlO16dhtLOzQ7wWHEjKgfD3wd+XIoHBENDwGcytsqNzEigJCvBjL/7INFXidlg1JqCYnR5FAk0RYHJ5yShZxshkpTRHAOMArggTsRtGSQNNIpLttcvg1kY8wjxGD80QY8Mkj6QGX1yw+/UCnuwUlCxnNEs8EkYBsUelyOeCl/un05mcslvBDgwJILoIpi+JGugM92ut1OFNj7PN9kq2PRbQZk1oUPpVT2NNNlC8DoYg/H8k1o0EBmQfhAE165+O0gAAACAASURBVPj/SoY6RQKDIaDhM5hbZUdnIIAbGzs79To75XT+8R8efXzUuJ0ZoHroVARYtWcVdI8oO4tvneosD5qWwOtz4B2rg/n7JS01Bg6TSHbWipA5j5i9eY0e2mGyh6vbonVnSspo2mRnh8likZfkzX2jxCBdvbretCymPY5dBgw3jJ1FJu3TXq8cR+A+2evYKagXhJ21nT4cz04Z/0/Y+ZtMpDFL/4gbJX05Xga4T8Kmz0I2ROJ5iGti/BT3Lckw2JlkEUKRwKAIaPgM6nbZ2Q0IkFaUQGdST/O+Lr/ND++JEkj6JSlKoEUCuDMxuWRy/pYWr7OKTZdMZIwdNyGy4+FCxU5CvTYMQfskk+Dvfl5hp4iVbVJLU+NmXnlOTtyvOhkjjO+mUudkS97zvNBP0nHPE4O0Wb+Id8I9C2E3qY1rrNUHCr5iODLHqLv1bdbfPn5+3XTqfdFPR6+0QAcxAjEGEdq7/gJtdXEqYyU5BQs5xLzyLL24unBX7pJdjNNrrBgBDZ8Vu+EjGy5JCVjpZSWqFIMrQ6TeDl/YT4+2mRZ2ZEgdzgIEcFXCjYjg50VdoxboxihPfWVGdfdqZMTjsZtGeuSSCa0Mmh02dnoWlZ1pgInf2aLzujUR/E3tJoSAdjK11Y0xki5cNNqWGxguekzW+T+PK12XRZbZcSfRBAJH+jFUKSnGMeYWkVI3iTZwPSzJLBZps81zyS5I/Bk7hjy7xPWQVASDlkQV7AQpEhgcAQ2fwd2yle8w2XBwUyO4dDKdKCupuL2w/c6ECONHkUAXBFi5Z3LAJOE7XVxwha5Rj4vg7xqDgr91MkvVg8ybqiVCIPdvoruiGCbzCPVrKOZI+mpiIfgZg60IcUlHRqkPxk5A00JiBmJ6uPbFq7E0fY2N2iMr3V5R3BFL6u4ur9/Utdj1Y/ePuj0soi0ixAiRXn0ItXtKsWXcR9lRZZGB+lP83RH3xq6qIoFBEtDwGeRtW7lO4x/+wEq35HXyucXthRVhkxSs3KOx9AEzkdkV5Rkl3auBvs3eEv7uX1g1idFzn4o1Ozul/g0fMyllctqE7JtGyPDIrhLxgLMKxg6B4CVlMUYOrrZ1IbMXRvL5ok27n90zbTJxZeGHZ7JrQ5x0x+wGsDtA8D678kMU3CeZ9GNAYrguIhjoGOoI73Hb7KuUAqvs0uHexqIOO58IrpuP6GvH7ZcEpiGg4TMNJY9ZFgECSZnosOrKP9G64C9PDMX2KMXkFAl0TWBbLsgEGcGViFVRpTkC/N2zc8BKM5NG0lefOspOydVql2naVYyJHq48pd7OrCNi15nkFgjxQcQJ1YV4HmKTMH5436QwKaWeEUHz1AbiOl0L9aooVkoAP7tnQyxsiTcBzwF9x5BbVHCDJekOyQ14tvoqxKCRgIOdHXawSbpRSj+wAPHgvnbcfklgWgIaPtOS8riuCNyl+nKliB8rp3XB15rsOmy/d72K2dX4vc4wCDC5I5kGbiu4FZFWWWmWAEH5uNWw8nyVKJNQ4gy2Vpch1uDW0Xc1eFnqquB+RgryesKEaS9BAhWKhCIUe7ziGie+Pb8jMQOJWJrseylOiksV7nOLZLSbdrxrHVcMvyEE8K83ThYxSFLC87VokhIMiOOrC1ETih3FvgqGMsY4cbNPie5ZdZSkQJfqa6ftlwRmIaDhMwstj22LAC4r/NMm4HMygJQJJZOd7dG+B4O2xcd2+0OAXYAPVRMCUiaTTllpnsA90iSubX+qWH89r+yeUKgUYREEw4E4miaFRChk28K1B3e1WYTvr09GWbAh/S+7BsTYTArxQ+xgk864KXlBGiK9MDsKGD2/aKrhGdthTCSDIA0yCwJfmPH8PhxekhDw/N2rgQ6R1Q6XMXbhcI3toobSPN0mdhZj581RdupuXjWCKyYumYoERkFAw2cUt3GQg2AllC9aAkcnJwD8Y2CV91lRM7IN8vaOstNkC+OZJFgb46dMDEY52CUOigyNZDxjkkjc3iOj9bTQTO5vFGVHpUnB2CGT1XujxOXMIhg71PzBMOb7i5VyxjApJSEDuwjsJjQhL08jxPWw07Mluiyjh7GUHa++u3Stxx3DGgN7vd26We8Xuz24jmEIkgqamLU+ylXTKepN8fy/JsqONkKcGHWHMNYVCYyCgIbPKG7jYAaBjzP/GJm0nGGi17ix4M9PRrZXDWZEdnRVCBDLQ6FJslQdFi07D6sy/q7GyU4ICQUokrgrSmYwWO9fdYAJ9Q2ibez+vi3t4lrH9xST1VkEQ7js/t057ym0Oimfyy/YBWEXiIlmEymed6Sdu0XhgpvevKm3ZxnrRseWbG7EGmGsDkm4Nxg8GK6XjBKXs6jgMkmcKkbpvDFji/Zhs/NPlwNIysICJIuR9ex1TbtjbtYXP5dA6wQ0fFpHvPIXoNYOsRC3iE6mNSWAkn8urFiyymb66ZV/XHoHgEBkdh0oiEnsBxme5on96N3AetqhEhjPdwGTT3Ze6gVEmUS+rIW+4x6GOx2LLrO6N9Uzz+3I+aXeUOnmtrxhAowbLy56FBJtIiELu0bsQmKMk8hg2XGPBMHj4od7IgkphpbUgBpLZGdkt66JpBAwwF2S+75oIdwWHvn/abJkGHx+foO7ZImtZbGBhUpFAqMioOEzqtvZm8GUWjukxdyyRq9YTaU2xzOibqH35rbZkQkCTLxxTcJNhWf6JdFFa3kIeX0CFH4lZoeJIrsF7MAQIM8EEqF+D4skbQjfSSWT2ywLMDwjVLFnpwrDiRTVdanXGiIxS1PukTvT1jWipI1mp6cJQ2pRrtvTAJNlat8Q0zIkIXsZ9Y4ousquRxPCgh8p1jEE8XDoYwKUEhtGLBYGOe6lSJPPahMsbUMCjRHQ8GkMpQ2FAGllWTFaK/00q5JvjDJxtNaJj0vfCZBdELdL6q8wsWQCW1JX973vQ+wfaapxX2PyiQsYuy64HfF7pE2jh9iL+0cxYshINq2wMk7gN3EcuJixo10C19lBIisd34XsfHCNplIBk2GLvnKtq1e8pu1zm8dhfBEnRapxEn8MRdjl2xYltgs3yqYEY+LS0bVSmjd1jUXaKbWFcJPE2C+1eshAR0Y7RQKjJKDhM8rb2umg7pir8Q/9ctHJ9NPs5vDPhCJ2rKgpEug7ASbaJDAgboI6UvtVP1MgV2mPwJvSNO6EGBDXjvIzBicCe4L32xDicj4QJaB70kVts+t9JAdgeOCyS0Y3YngQil2y64HbFPE8xElMFjDdrO31PscoZGcMYwqjqok4lHn7Uj+PvpDMoc+xLGuNE1dBXAZZjDtPEyBqbbDTQ3Y0dotxo+uTUC6ChQV2KkloQEIRhAVKdi1J1KFIYJQENHxGeVtbHxSBuRgzrOzxz70ufNnjrkJaTCYGigSGQoDdBtyreKYx5qm5wXPOpFhpjwBxO8TAIKxCY4AUVymKlZJwoA0hW9WuKPWAtkRncUWq95m4JIxlhJgk+owQz0PszXENdZ52cEciLTLfwcXQaqj5hZoptYkOSSvcwyEIxTrZ3YAn/8s+32Cn2Tl6d7QNg2rRbmKI7Yri2kkdMp4phF0fCjHjsqlIYLQENHxGe2sbHxhb9o+NkqSAmIe68IX52SgTRdzZFAkMjcDt0mH83YnX4BU3N3Z8yDCmtEeADGq4uGGEEL/D5P7A6nJ8p7D701YcIK5IuIyxs4TL2rSCGxu7G+xwM+EnAx3C7mDJZEbx0D2iTRQRxRD/zyjJA9hdou4Zu1R9Eu4Ru6XUe5mF5TLHQFwXtZa2RV/dcEfemvaI5+qjIVgMaNw6MXSKtMGhYaw2J4HFCWj4LM5wzC0Q58DqK64Vk7V2+AfMP/8XRg+OzhIQPGZmjm1YBJisPSb6hCgr90yG2eHBEBpSnMKwqP9vb4u72BfzK4LKiYtBCNrHcNjV0sCelHbZzaOWDq5Os0iZMGOMFHc8krWQxhppOkaiTFRxm2MnoW9GDxN8JvpDKnRZ4nqI3eP/XNOCwUtGU9Kx82z3RUizjns6LomksS7C/3DS9SsSGD0BDZ/R3+KZBrhPjsZN4UpR/J3x/50UfMtxsSCjEC4iigSGSoBnnAnQ7lFSVF8kSpA7u5pfHuqgBtRvFlWI3+E7hTgYJqFnqvqPi1iTrkd1LCzkECvDKv+2GXmVRAi4seEqRIIBDOeS7Y9051eJsjDUhLRR+6eJftXbYGeOGE926h7ddOMttEcduXdF23JDO3/a3hXFeC/JOVoYxsxNlixzPLPEHhWhBhU7q4oEVoKAhs9K3OY1B4mfLwHc/BMg0BF/582eB/6pE4BsVrbVfW7GMvIrZiCs0peCmLgp3SOK6xO/U9olwA7yriiZ0EhrT3KAa1WX5Huprbgqvueod0OhTRZ4ZhHS878hys7LblF2OJ4ZLVXuP5H3xN40JbgiseuFEUW7n2yq4Qbbwd2PuE7+d/A/hcl+34VEAyePsuDRVPxVfczPzQ+4yeLCyXPdByGJBwk3ELwziuGD1waxjYoEVobAZhPdlQGxIgPFn357lN0afJunFVYd2Qlq45/EtH3wOAk0ReCuaYjVfurysMNDuln+Jm4a1ahvivLG7eBmhrsZvImDeGR1ODGCGBhtCcUat0SJRZkl/ob/lbgHMbnHSCa1OTsd7EwhuDMRB9nUTs+30xbGFcKOEgZWH4W/H3bBhjKB/nD6ujW6Pcrz14aUe9eXoqUYNqRAJzaX5/RS1aAxWNmR0k29jafANntLQMOnt7emkY7hf86EjhoY/FOezMC20UVY1Xx/dN+oBk8jt8NGekCgZJ+6Q/qCuxNuHri14ffet5SzPcDVShf4HsLgwa2N3ZKSzOArec9OXFvJDDB0iWPAlZHsfbMIO1DEgmCYsSPFdyLGE0JaYPrdlBT3NtojuyBxlH2V0ldc3Mp97GtfS90a+oxrXlvC/07mVhgVs2QKbKM/7KwSi0aNnslkBmRLLBkI27i2bUqglwQ0fHp5WzbtFNvWrLJRG4LAXL7ImUxQP6Ieo1P349200eoAAnOJe9gedSVoWmoe13cC7HYS2MtEgIkrri7viDKRpeiu0h0B3IBwByKVLqmEySxF/R5cblktb0NY5SZxBRn7uP4sgpvZx6LENJLRjcx/BK4j7CAUF71Z2lzvWFbk94yyc0QMVNPZxproY2mD/zllsYC/K+5lX4Uis7g4Irg7/qKljmIcYyTzbBMzuGwpyUNwyyQrYJkTMG8gsYcigZUjoOEzzFvOitJaiQfmGQ3/YH8YJZvS02r/HOZpy3Mk0EcCt02nCKJnZZ6dHYpO4qqEAdS3DFl95Ndkn4gJwe2G+ArqnFD3Bhcysug1VeRzsr8UZ8QVi0UdijPOKrtyAgHruERiJP9LtA3DpExS6R/P58Nm7WjHxxcDFkMQj4I+C4W0SQP+gOi/t9hRathRE2iexBlNd6vEn7GDSuwVuz7Ij6L8TZBURJHAyhHQ8BnmLV/U8CGrCxMB3D0wdszONsznwF5vToDYEXz5/zVKjRVSJhPjg5tHX6rebz6K8RzB7ghB1lSGJysaQlIJdpnbElb62aFh4jerO+P2nLN/lB0Cag0hfF9eN9pkuvOdaQ+3ZKTv7m3lPpXkC20bE4s+FyXdNlkCS0zWom2udz6ubeyEsYuJ6+ayhCyJ7GhjoBOLRiZDpJ6YY1l987oSWCoBDZ+l4p/74sQnsPrI/TtlFDeDUlSULza+7FhZrd9f0q+yovjs6nXui3uiBAZAgEk1QfO4fxIsj6H/5ChuLreKnjCAMYyxi4dV/Jkg8t3Fd9LWlgbKM0AmNFa3cVFjpXsWYVeKyX39e5Sq9mSDa9JVamfaK0YPq/QkM+i74DKFaxv/a3Ab7bNbNEH8CDt1bcpl0jhu5xjXJMFYlpw+F/6vKAYYmeXq8UwPzM+4ySsSWFkCGj7jvvWsbrGyTXE53EsUCawCASamh0dJS036dYLoceVkV6Hv7kNjvj8s0DAhI+gbV12MByaLBF83LSVdNtfaEp0lgxt9wUAm3qheuJlaPY9ruKOkwMY4R54fnTX+qOHuTN0c8Ue4j341SsrtvgrfAySzYNd3e8udPDTtF5dNXDiXJSzyXDRa36WkL2+q+resfnldCfSCgIZPL26DnZCABBoiUOIOdqQ9XHBIUc0u5yOiJDJQlkeAnWp24Yrg9kZygDbkx2mUyvTs9Hx/xguQRY1np/x/ZLectM0kx2hSKKJJHTWEpAsPabLxltsqBttjcx3qMPVRbplOscPI/S8Z+NrsJ+6bLLJQDJRskcsQvutIo81OXH1+V3d3W0a/vKYEekNAw6c3t8KOSEACCxBgZf7lUSbXpG9/c5QVdGpY8Lu2soUt0OWVO5V7UjJJtRW8f9pcg+xtJCMgSxyuatMKuwIYyPVdHgLhMYKalvelQeKEkNdFyQY2FGHeQJwTrmO4K/YxRpT04mTio69tFSqt3y+et13RenHQru9niZ+bvC4JXEjs0FSNqa7H5fUk0CgBDZ9GcdqYBCSwBAJMOo6IstrKKi/JOwjsJbMSSQ2U5RPA5Yzsbbi47Yyy09FGjRPc5kjby2R3Whc63B+JqylZrwotDGmM6KaFpDI3qxp9bV5JtjEkuXw6S4ZEFhNIE983YZLPbhrzG1wpSRHetmDIU/Ou7RpBa42DvykWFfjuqwuGDs/wfdoevO1LYEgENHyGdLfsqwQkMEmAGisYPWRQYjfhgCjubdujB4urNwR2pCekD2dFnJo6xIY0LUxwqZ1CjBcplqcRgr/rmb6IC8OAxmiiAHTTUndvG2otlVLM9aDAYbLfJ9knneH7gEk/cTbsrHUhGIG7RckiibtZV0LcGYY7CSbqQt0e4hsxUBUJSKBGQMPHx0ECEhgqgXum46xoYuCwYs8uD0HpW6M/GOqgRthvikcSZ8HK9MuibaxAUzDyvFHcfcjkNo2w68LuC0LSBSaKxGbQT+r9NJ3unOeTNMMI8WZkGxyikB6cmBmy5VEDri/CTg+1obh/ZHB8YkcdYzeTWjkYW7j+dVHIda9qrOxu1mVXfsAQKs91Rwi8jASGQ0DDZzj3yp5KQAL/IECaYlbOcbMhLoPVVmIxKB44pFiJVbmfZTWczGqT7mRNMDgujbDafs3otLV1OJbYBybJP42eNUpMCDuIbcQfkVFwWzXYHXklK9oQhRTJuCiyM1bqMPVhHBQNJTU6cxqMn5I0oou+sctzYPS7Udxu25b6s1S/VlvxaG2Px/Yl0CkBDZ9OcXsxCUhgQQIkKyA1NbUyWD3HtYXMUhQmJaZHaZYAE10CxT8dnSeInWKcuEQhV4lOuxsz7Sg+lQMpzkjbvJ9GyPSGqx21aKhoz6o5Bs+R0eOj556mkRmOeUWOpUgrQma4O89wbt8OJbsddWD65KbHvWPRg/lMm3Wh1rsXR+cDdmCorUdGtTaFhBL1HSV2mqgZhMGP8adIQAKbENDw8RGRgASGQuBe6ehzoqzMk32LOiKkLL5j1DpV899FDBsyl2EIYEwykSJGgMKPJXj9aXmPcTmLUEgRVyjcf3AhI81vk8Ikl0kvtcreM2XDl8hxxAKx04NQzJY6Z6Qipr+4u1H7pSnBYMQwQ0itTPtDFgwMJtg3iL63BwOhL6REp2A3cV2XXkKfSKZCAXEM6FmL5M7TXb73MLT4HiQFOgsSPLulUOs8bXqOBFaGgIbPytxqByqBQRMg5S+T1O1RdnZIU0zMxKOisxanHDSIhjrPrsadKn7TuCxhaGJ0ziIkmihZ9TCgmkwpvjPtXT1KJXpcfKYR4n94Zkq66mLMPSu/Y3zvjxIn0pQwdhggYzB6GAc7ZBjI7AT+tSlQc7ZDUgp2EOnPrijujl0Lxjwuk9SNIr6wK7lcLsQOJwYfxjTPlyIBCUxBQMNnCkgeIgEJLI0Ak3Jc2wimvnmUySsFE4mR2LG0Xg33whg8+0XvG8UA4H/Al6PEybBzwoSWRAEXroZILAfGJe5aswoJDbgebVNJvinheaCvBHETjzONkOGLbF9MkhF2K9i1YKW8GM7sTDU1mWcXjUk5fN8eLemrp+lrX48ptWrYXSUz3zJlSy7Oc8vuJO5eZOBbxgII6chxXdwR7Spuizg5Ekzwt4ohTxZLRQISmJKAhs+UoDxMAhLonMC2XJFAXlLSsiJPnAQrrPyeIpXK9ATYJdsaxZDkex93L2Jv2OWgvg6GAAH/JZ0zLX8wyoSdeKpZhTgaDCikyUxurGyz8zeL0cMuDq5w5f8dyQzI2oZ7W2mP2AxiNJoQJuHHRonH+GX0DE002oM2npk+YASj7JItSyhSS9ZGXv8WxahuOgPftGPDlRMXN1woSanfhWDgnaV6tkjKgaudIgEJTElAw2dKUB4mAQl0SqAUBCQ4nmBe3JJ2Ru8XZcKqbEyAWjQUxnxotGSaOiHvSQKAQVImS+xykBKcOKm6UN8GI/PXc4LelvMwWpHbRd80Zzv109ixIZkF6bDp82bC7g5B3xTcLIJLEsVNeYYwUJgwM5Fsyk2JaxHXw/9WYi64xlhSq+NeukeUncI2is9udj/5nNgs4miY+JM+mp21z05zYgvH8LeD61+Xxi1xbbh4sjPZRsr1FjDZpAT6RUDDp1/3w95IYNUJ4MZBxiiyt+0fxY0Ed6lbRD+/6nCmGP/2HEMSiJKZjEk3uznsZkyuSOMmxE4IxlBdKN7JBJ6dkXmFDGm4lyEYFRgci0gp/MlOAzsOm8m2HPCSaL2wIzFGjKsYzmUSyUSSQPFFBeYYUrggMSmn3WnTay967S7Ox5Bjks8uw7KkZFDj+tRBoh7SsuTRuTBut7heYpC3LfXsgCwAvbTtC9q+BMZIQMNnjHfVMUlgmAQIVH9hlKxFFAVkp4AihBQjVNYn8Jp8hDtX2bVgR4ddB9y31ot72DOf4eY2WVcHYweXN1b3FxFWwlkRxxWJAOxFZEdOvlt0Gvc2drrYrWKnpS7E2RAjhkGCUOyUuitNxR9xXeIuMCYRsuRNm3RhETZdnXuNXGhndJlJGsjaVmKLnp331M9ZpnwmF8eQxh2U56tN4fnfUV2gjQyJbfbdtiXQKwIaPr26HXZGAitJgMkiq/NkGcMlipTKZCxiRXeRXYexwiSwn8kWfIhzwO2FmBJWnqlptJncs+JNCt66kKqYOKpvbdbAJp9fJJ9/vTpm0aKlVKAneJvA8c3qNL0ox2Bw1OUv+YHsaqzM14WdrutHSfJw8ILjZQeEgH9iPRBW5tl1G5O8OYO5dXRZaaz5fuBeIWR47EOhYtz9MOqJ5WpT2JHlbxM3P3YtSTzCgoIiAQnMQUDDZw5oniIBCTRGgHoUh0b5LtoVvUx0W5RJvPIPAqxys+JLzRp4EbtCwgESPGAMTJtx7Yw5lpVp2qkLbmgYB4saAKXNemX5aXZp1rvPn8gHxHBg+ODqtp6Qxhi3NXZx6sLO15WikzFhJTvZf+Wzc27Q7rQfYeRh7CEYVMXFb9rzh3AcdZ0w7Jjkl12zrvrNzhmuXQg7mdzTZcuV0wGeT1wkcWlsS3i2KbaL++SyEzm0NUbblUCnBDR8OsXtxSQggRoBAu+fG8U1iboUZBnbHv3FilO6ZMZ/hyjJBYh1YleHnQsm8kzwya61a0ZG7OSwI8IEqi6snrOSjmtaU0LweXGhI8ZmnsKKTPZY2SZ9+UbxN4zp/tH6/zKMQuKAXrzOgF6f35PMgbgxdpQWEVIqk9EL4f4UA2iRNvt2Ls8MTBkfAfVdyo5cDKMfIYlBKQbbZR/Wuhbupew6sXuKa24bwgIHf0ssWCC3jbLzpkhAAgsQ0PBZAJ6nSkACcxEgFoXJJ7s7xEWw6n7LKCuoqygU92Sizs4ORRlxn8HQgQ0ppZlkLcKGc1mhrgsuM7iP4ULTpDCWklqYOCGMuFmESR7nETND/ASGxVrC/y5W/+sZ2zjuw1HcsdYztog7wrCm9guZwRYRrrW1agDDkVThf1ikwZ6e+5D06/nReYrYLjKkx+fkp1QN8LewZZHGGj6XpCF8b+F+1oZg9GD8kxYeweDB8FEkIIEFCWj4LAjQ0yUggZkIsErKzg6xH7gmsVpKXAq1ZFZFKJqJaxlxOrhdlaKaTPjJwMYuDIHciwqxQGS9IlFEXUgN/oRoGy5L7OCxk4c8Kbp9hkHAAkOHVNskX1gvDTQ7YOw+1FNQE+cE06dvcj3c+e4dXbQWTdk14nK4IOHeRr2pMQqZ6Ygz6TKNdblP8CTODwOAjHJ9EP5eSbFPcowtLXXoA2mXHV+Evwn+HhQJSKABAho+DUC0CQlIYFMCpPql9gr++cRWsPJOnRlct1ZBcCfDvYoJDAUtmSyzokvsyo7o1xqGgMEzuULMLhLuXW3GTxF3dOlqLLi7rZdVbnK4pAMmjTlGD7tTFFhdS4inIKtVPVMc6bd5rnAL2kg4h4B0doNK9rV5sNdjmDAeqTWFy91YhUUJnteuCrGWGl7wZKcHd89l1Q1a657um1/SRxZweN+04H7JogjCM32eKH+7igQk0AABDZ8GINqEBCSwIQEmpRg9TKCoss7KOIZAX1Zw27h9GHr7Rcm8dq4oE0cmccXQaasmEWmcPxmdLMhJ6l0SBbQtGHDcY4TA7F1TXJAU5qQyx4DB/XG9GK8b5bN3ROvuRcSHYShNMzEkNTq7ULeKHj5Fv9Y6hLghYoqKsFs5mTFuzqZ7edqW6r5QPJZ04G3LjlygxPSQlIJkHt9v+6Iztk/MGTtguLptZmzP2PSJDsgJ7FwiPNO4v7JAokhAAg0R0PBpCKTNSEAC/0SAFeKnRpn8M3khpuI2USbmYxOC8EnDTYwLNXUICCcTFjsgxOjMO9GehROrzxQqrRsG7EgQJ8Gkvwupu4DtygUxfjYS3PpIY75efRiyiL01yk5PfZeGcZHtC4NpWjkhB5LCe97dHuJciHcp0pe0ytOOf57jnpOTMOAxLkkx35bwzJK8AMMXwc2RZ4cdIv/QdwAAIABJREFUwL4JCzbMnU7XcMdKspfSLNkMMfQVCUigQQIaPg3CtCkJSOB/CODSxWSfbFDsPuyMkpKWyedQhTiD80WpZ0LQ/pZqbEym2dFhR4t6OgQi4wrTpayVwOD4dIBsebx2JSQlYOemTAoxdDFqJoXsZyQHYNWcjHM7Jg4gZoZ4HThPBpBj9BC/9O4ZBkU/qBHF7hKuabMKMUFk0ytyZNWHWdsZ2vE8z8ReEd/TllAHCaOKRQMEN0eSVsyTDbCtPpZ2cd9kl4ekIBR1bUrqBUppk53FWYz6pvphOxIYPQENn9HfYgcogc4JMClk4kpGMibe26Ks2g9JrpPOkmGNcTBJZ7cKA4egZjKCkYiAoGPiTZY5NlbIiZOaTGBAvAwG2jLkybkoyRMQJokYvPW00bisYYTw/4f3Jc6LCTCFKrdGMaDWEoxLYpdIAjGLkMUO90N24mZN6lCPOeGaR0f3nuXiAz0Wg5PnHQOVXcw2hPTYGO3lflMIlhixvhbofEz6hkFOoVx2HJsQvmdwRS0G/hgL4DbByTYk0AgBDZ9GMNqIBCQQAhSrxNWK1VsmL6zI436Fy1efhVTaBP0TA0M8TlndJtaEmJWvRInJYVLeJ8GN8HETHSKtMpOyVy+xoxhhGIeTwmSWVXyMDwyY/asD4H61iv1a3ebYA6NkAPzhHOPaI+dgpGJ8ca9nkXrMBedhQJWdiVnaGeKxuG+yeMGOHAkdmhZq8tB+MdpJyIFbbJ8FA4XdKPrcRO0r3GN5LkuyDmLWJlO095mHfZPA4Aho+AzultlhCfSOAO5fpEjGJ52JIcYDQd+sXPZNtqZD7OJg6JAtiexyCDEF1J95exQ3ls/1reO1/sCXHY9SOLN8RDwR2aD6EAxOPRuKly4iuDyRjGDRHbUSd0R2sFmy590nx7+0NoBVMnoYNju37HySfr3prGrEdWGcM+FnB45dwmIIL/LMtH0uHMhUyHfeosJuOLWoyk4PboW4CE+TqGPRa3u+BFaWgIbPyt56By6BRghQBJP4B2ptkM0LNyDSVDed7WiezhIfgrsXuwlkh6I4JrsOTFyYAL8/yqR6SFmTcA0iCJxaNnV5QX6oB97Pw6vJc4iHYvcP9zKei0lXvPWuxS7by6pzm3qG2DFiBwqDcVopu5fl+HmKsU57rb4ex71AyRTYpOAqhstYEQxM7nnfheeHBZIm/tZwb8PoKTs9uyrOs7ph9p2Z/ZNA7who+PTultghCQyCACueuFnhOoQhwaowBg8xL8uQLbnog6Jk/2LSzUSbQoNMeikGirsaO1DsigxVyMy2PVr/3v51fqYoLOmG+yjs2NBv+F83ivsU9whjiB0YdoWo64QxR/FTDOcmpbhrzRI3QRa8x9c6QUIOjOZVki0ZLDtcD6/uS1Nj35GGSrpq3B6JUcOoHIIU11IKiy7yPbd7zmc3k5hBBGMKd8wxp/cfwv21jytCQMNnRW60w5RAgwSoY8LuApNu3DVwc8NVBfemLoRil/jGk3SAXR0mpbiLMHE4LsokmuB5XNbGIowJ1nUhLTj1RPooF06ncBtkh2qZGaqom0QCBbLM8bxuJpOJDNjxYAw/3uzEkX1esowx9q83NDbqd2H8It+I4nL6rYba7qIZ3F8x1qfdvVyrT/wNEwNZdnrYKSdTnDs9XdxBryGBENDw8TGQgASmJUBaalIT4zbGP24m4+yytLViS3wBq6NM7nENYYJQarAwISVgnUnEO6Mfn3YQAzsOVzF2qRh7Edz12Ekh8L6PwmS5FGjFQCUr2LKEeInvRqdx1yIpxItqHcU9bkuUQpqrJjsyYHZwJ1OJz8uBxCAULUb4m+VvemiTfZIZYKix2DKP4HLLTlHZ6WGhhkyGfaxVNM/4PEcCgyCg4TOI22QnJbB0AqQQpoDjOaIkAXhEtCn3Kooj3q6aBJAm+MyVMmhc1ZhsMHkl7TE1cnANWQW5Zgb5nihFPIuwq4Zh8Z2eAqDgIsYOu1E3j+IGuSwpBSGp20P9no1kMkMek1yM7r5ybpspuxu4jFKEeFHBNYx4OuYb7JyxgDI0oc+4ZGK8HTxH51ksYqEI91sEY5oaVho9c8D0FAksQkDDZxF6niuB8RMgFoMMYhg8xGOQzGDHnMO+Qc4jJogJJRnVUL6DcEEiTTHB7Ez0fx6dZ3IxZ7d6eRo7aQRR1wX3oOtHKRDaN2FHjtTEuJQ9K0rCi2ULzxE7hHXDca0+FQOpfMaO2tbox5Y9gCVen79JFjhIS7+I4BpG3BbfHezw8H3Cczw0IeaL2K9LRak1NIsQDwnLYvSwW40hxGKOIgEJdExAw6dj4F5OAgMiQNzOo6t/2M/IK7E808RJMER2K+4cxV2N1VLcO3DtwAWKOBwmQ7ioNZW5a0BYN+0qxUcn6828Ib+746ZnLucAjB5cDf8aJVh9lpTRbfWYODBijKg/Qx2a9YTiqvVClKzAk3yBjFurLBgph0dvtQAE3DTZrS1pzdk1Zsd2iIJ73vmjs2QGZJwUZiVJBMlfEHZAMQZX0X1yiPfdPo+QgIbPCG+qQ5LAggQIQGbSw2o5RSMxfgjCXU+Y+N4rSuG980bPEsVViMKlZPOiHkgfa/osiKnx05kosuM1WZ+HRBKTuz+NX3zOBqnFQiwIcUgYPX0RVth3i5JkgYnnWnKb/JIkGEXY6aEWFQkRVlmYrDMxJ8U0qabnEeYWuIaV2DSKGZNkYqjCgg9JHvium1ZIOc85uLQhGD0kN1hV98lpuXmcBFoloOHTKl4bl8CgCOB+gcHDhJEMTAR7T2ZdorI6K+LXqI5jNZcAaNyKSDZA3A9piZXZCGDssMtQzxj1x/zMRJx70Udht46JLcbxPXvUwaumL7ipkdWP53Qtwe2SyXhd2CViF3LVhdTKJCwhXovnbx75RE4idg/hOWGnBMNyiMKCBIs4POPsIE4juHzyfVgKnRKrCIPfTnOyx0hAAu0R0PBpj60tS2AoBE6ZjhKXgaFzfJSgdIKbWd3Evep6UVYtWQlGcFnDz/0z0R1RdnWU+QngFkgcVYkBoCV2ybgffVwdZmeHiS39vXGUXao+Cc8jcWQE5q9VG4UJOUZRSSlM39mNmDSE+jSmLvtCPB8xd8TikDJ+FmFOgVvYFaqTcB3E1ZW4lqEKLr4PrFhM45pLprZd0VNVA2b3GwNI97ahPgH2e1QENHxGdTsdjARmJsCkm0k2k0BeTxHF4CGzGsLEhYnksVEmuK+Z+QqesBEBaiJR56YuBFH/a0+xlexnFPXEtbFvgepXTJ+YeGNIsqszKexmEF9WNzLZxXxjT3kvq1vE+LBDA6dpd2r4zmDXkmxwCOcRI/S2ZQ2igeuW+mDE3W2bor1JF7/f5xyMx+9Pca6HSEACHRDQ8OkAspeQQM8IMEEhqJtsVsTjMMnhu4CaJ6z0fjWKkUMxR6U9AmSuu/dE8xSO7KNxSbwCbmC4OR4VxejpoxyTTlFnhd2eyUQcrMQzAa1neXuYz/mat5G06bixkkVwGldLdtEwNkudLRplx7KeOKKPz8tmfWIBgppZ09Qz4juUHVriHJE/RclcucyU7puNz88lsHIENHxW7pY74BUkQIX0m0WJfbhglF2dImTgImPYIVECwpVuCDBBJzVuEYplcp/6WIiVZBc8IxjMTGSZ0PZRCBynVsp6gfTEVxT3I/rP7tUT+jiQHvSpGD6kXCab2UbyzHz4yGh9PoHBwM7l0IXYHNw6+dvcSNjl4riSzAF+pALvQ4bDod8D+y+BRglo+DSK08YksHQCTE6JyyEomYk1Ozr8nZeq43xOkC3ZrCgaqnRLgKBndk6o4l6EVeKt0V3ddmWqqz0mRzGBZVfwTtVzM9WJSzgId0zqxBDfMznhhG19At/n9OBLQPdPlyTtPMWEeV0vkxm7frixlaxlNMJzwvfPoX0YxIJ9KLW0iFGi8Op6csZ8wC45sVEI37U8axtlwlywa54uAQnMS0DDZ15ynieBfhBgVXF79Y8WX3ISFeBbTyAtCQhIzUuWNYJznxNlBZNAbpIXKN0S2DOX+3C0JIng6rgHYYCuFYTfbe/++WrUwSHTGRmteGbI9NVXKZnIiEebTAf+g/yuXn/lA/mZXSxlfQK4uuLmRlbHErNTP/rp+QGjuC7sWnLOJ0cClkQGPPsbpbDGHZC03bhWIiRxYGcdQ0iRgAR6SEDDp4c3xS5JYAMCJCPYt/rnWhIQEJvDCjfuU8TlsEpbBH9zXDDwNaeWzmRMibC7IcDqOUYPOz5F9s+bA7q5/ExXYSUfg4zJHJn7SBjQdyEOBWNma/Qjtc7i+oYLXBESH5Q0y30f0zL7tyMXJ94Mg7xM6kt/SNM8aVziogl7itiOQa6dQWAgU4T59RsMiJ0gYscQ4scwEklDr0hAAj0loOHT0xtjtyRQEcBthIrnpIfF5YK/WSYjFGWkZg6Bt+vJE/MBk2tid5gU4q+vdE+AXRN2T4rgAnPraH2C3n2v1r4i6alxXzpplPgX4mD6LmQkJJCcGJ66YUkmrlvWOo9L4Za+D6Yn/Xt++kHhXAwZngUElzbcCU9f6yNuXY+IDj2JwSR2jB5qQJEIA/e9SZnM3sYCwVUqXj25hXZDAhJYi4CGj8+FBPpF4B7pDsqKaplg4La2M8qq6jSZ1qgZQYA3rm8EHhvAvbx7/Lhcum48EN9zlyjpoPsmr06H7hplMksa4r7V51mP1/Z8gIH/qCj1qJDJjHkY/cS89ZF7354D+oPLWrn/sMNN9snRumHJ7tl1quelj2NYpE8Y0cdFcSWeFJ4jDCPiJxF21InZW8tAWqQPnisBCbRAQMOnBag2KYEZCGzPsbji4MJGfA7/PHGZwJ2EAOzXzdAWhxLPQ5pq3N5IcICPurIcAtw7EgIU6WuqaiZy7EhhMH8xutdycM19VVKwsxvK3w9uRpM7bBTlPffcra/miaQvx0hcL43z2OOkiJN8a5QFgCLMl1h4IulB4UL9J+pAKRKQwEAIaPgM5EbZzVEQYBfnvlF2YlghZKKGKwmuaOzm7IzOaugUMFvzhn/C+JtTadxdnuU9MsREcC9LumqCpJlAsTLcNyHGqBRL/be8f3jfOrhJfwg8p67QR6O4Jr08es/aOfx9sWrPQoIyGwHcMYlvqdc9ogWSGrCTPGZh1xNlV4c4SXYSbxOtG4LETN5rzBAcmwTGSEDDZ4x31TH1hQCuN0zGMHhYcSYWgfoOxBp8MPrSKJnXFhFWZlmFxD2O2JGbR/s4wV5kjEM6l4xtTLJLFjHuBUYPxk/fhFV7grj/HKXOE+6RQxOSMFwvSjwbK++ksi7C7ukNotMU4BzauLvq74VzIVy+EHZByEB4WFcXX+J1SBiDEOtEMhm+u4uwE0aSmFXgsMRb4KUl0A4BDZ92uNrq6hEgUxTGBxmxcBkiPoeJ18+jpAFmR4cVdX5uSphQs/JKzQgmd0xKSCmrLIcAxg7Z9TBGmSQyadpvOV3Z8KrEZeDGc5oobpWk38UYH6KwKn+yKDEZ9aB7/vZIbECiBmUxAjwfj46yO8ju2tiFRDBrGctfyO+JJSNOT5GABAZKQMNnoDfObi+VAO5kVK8nze9loiWdKauExBOwi8NK9Atb7CUB8wTOE9OAS4r/jFuEPUXTTA4JBj91lFpJN4l+bIrzuj7kBbkgNZ347n9NlLijocpk4ogyjm9U/MtOxVDHZ7+XQwC3yXqBYbIvYkQ3uWi1nJF5VQlI4L//+SkSkMDGBHBXI83v1ihua8TmILitscL//iiTyC4KPJIylesRu0AKVSauFGhUlkeAmJKXRfk+fW2UzGh9E6rKU7QWl0tc20i68Oa+dXKG/pQkHpOnvDK/qMf4zNCkh0rgvwnwt0zsDoVJKSNgGQAfDAmMiICGz4hupkNpjAC1cwhkZRWfQPVSxwLfbowNVvZxodnV2BWna4g4Bur2sLP04OhLpjvNo1okUILpcbW6YbSPuzxPT78eGSVOgYKLJAQYcrY/YuPuM3FPWQjgbxYXPkUCEpCABCSwJgENHx+MVSdAGlziMEgnfbEo8RkIEylW/L4SZRWZjGnLEgKMD41eMvr5KAkM+hgsvyw+y7juqXJRCsgSL0MK6CtFf7+MjmxwzT3zGVm52KVEMJTv37M+ztKda+VgFhzK32g5F+7w5z4oEpCABCQggXUJaPj4cKwaAaqPs3Ny9SgGBYHRCJXfCfD+dJQJLVXf+yCPTSfY5cE96WFRCjMqyyXALiBJAU4RZTelpINebq/+79UPzI+PiPIdT2wCGQZJvztkIZ5tMrXyV/M7MrcNeQdryPfEvktAAhIYFAENn0HdLjs7B4G9cw6r3KTtpR5DcVvD0NkVJYXvIdHPztF2m6ecLY2TRQhDDWPsFlHclJTlEtgtl2cXECEAmh24Psl50pkPRTHqEbJTXb9PHVygLySNKLs938p7DB5qYCkSkIAEJCCBqQho+EyFyYMGROBG6SvZ1sjCc9FoMXRwhyERATEABKDv6vGY2NlhxZ6+E8vTZna4HmPoXdcukB5h9GA0Y1j0zRB9TvrEs8P3OjuE94vipjkWuWAGQjrhp0TN2DaWu+o4JCABCXRIQMOnQ9heqhUCFCwkPS8+/rw/eXUVgs2PiRJsjrvYEGSvdPJNUSbVJFG4bdSMQv24c2T1o2AhdWPYVelTPM/W6rkpadXZKWSXh4K2igQkIAEJSEACFQENHx+FoREgNoeVbAqG4rp24moAv87r0dHDo7iu/WRgAyN5AvV4SJFNjaBXD6z/Y+4uiS8+ED02WhIF9GW89bTOPDsPig49lqcvbO2HBCQgAQmMjICGz8hu6AiHQxVt6nKwo3O+2vjw98ftiBgdXMF+MdCxE8tDNirqrFAob+tAxzHWbpPxDxeyT1T3hlTifRBSN5Ol7UzRv0ffEKU2jyIBCUhAAhKQwDoENHx8NPpGgBgddj5IRoAxULI4UaSTHZ13RqnjMQZ5QQbBCj0r9cQkYcQp/SHwtHQFN0kKfd4uioGxbDldOvCi6J2rjuAKyaLA8cvumNeXgAQkIAEJ9J2Ahk/f79C4+7c1w8PAuVT00lF2PzB0qKHDDs7bozujJCMYk2zJYD4VxbDbEb37mAY3krG8LuNgB+Wg6L49GRPGF38LpGAnecHzoxQmVSQgAQlIQAISmIKAhs8UkDykEQK45twlSpFQJvz1IoTseJCMgJX1o6JjykQ1Ca/EizBm0iETiK70h8BJ0pX3RjHInxWl/s2y5dzpwLuiLBAgxBpti/YtBfuyOXl9CUhAAhKQwIYENHx8QJomcK40ePsoOzi44JCAoF508G/5md2c/4h+MHpo9BtNd6Kn7ZU01f+V/pFqmwxhSn8I8H1IXR6y6z06iuGzbDkgHXhcFIOM5+W+UXajFAlIQAISkIAEZiSg4TMjMA//JwKXzW+oEH+F6Nmjp5w44pf5uRg5pAP+8ooyfE3GzY4Xu1qkqVb6ReCM6Q7FMHmlMCaFP5cpFK4lpTkLB8QWfThKNsNVWSRYJnuvLQEJSEACIyWg4TPSG9visLalbWIfLhTdssZ1CLImfoX0zEzyV10IRmfSyg7YE6IEzCv9InCWdOfr0VNHrxf96JK7x07otao+/Cyvd4vi6qZIQAISkIAEJLAAAQ2fBeCtyKnEFeBqQ1ppVsMnhaxSxEQQaE16aeV/CRDPxA4X7n3UH2IFX+kXgfNXzy0xV3tGl5kdDWPniOhpKkSk0WY3VZGABCQgAQlIoAECGj4NQBxhE0/NmFj5JtbhpBPjIz7n49HnRT80wrE3NSTc2nZEvxe9cVSjsCmyzbVDMVKSaeBKhmsZbpnLEJJ9UIdna3VxYsBIV83OjyIBCUhAAhKQQEMENHwaAjnwZi6S/rOrQzKCC0cnnwt2dZiYPWbg4+yq+4fkQneoJq7X6eqiXmcmAmTUw7AgLfTu0e/MdHZzB9eTF9DqzuhNomQ5VCQgAQlIQAISaJCAhk+DMAfWFBO/B0fZ2Tn9RN9ZAT8uSmV4dnaU6QhcMId9IHq+6JOiTGqV/hFgB44aUb+KXjzKDkvXQowcO6YkL0AwwO4ffUXXHfF6EpCABCQggVUhoOGzKnf6H+PEyHl4dGu0nmKaz/4UJSnBM6LvWS0sjYwW16RXRYkVIWvbuxtp1UaaJrB3GvxcFGOHGCyMn67l4Fzw3rWLkvWQ+J6fdN0RrycBCUhAAhJYJQIaPuO/29SOYSX5AlFqgdSFSd9Hoi+Ivn/8KFobIW6A1C4iG9g1WruKDS9KgAQTuLd9K0rSjj8u2uCM598ix2Mclx3Wv+b9M6OPn7EdD5eABCQgAQlIYA4CGj5zQOv5KbjQMJmivg4V3yeNnRPyOwogPjf67Z6Ppe/du2Y6SBauU0RZwX913zu8wv2jYCw7K7+Jkr2NpBNdCWmy3xS9Ue2C/5n3GGLf76oTXkcCEpCABCSw6gQ0fMbxBDwww8CNjd2GyXgdVpWZ5L042odK9OMg/g8j565RguIvH/3xWAY2wnGwAICRjxviuaJdJg54dK5HrFfdtZREIk8fIWeHJAEJSEACEug1AQ2fXt+edTtHbMITowRms3p94okjmdgRr8NuxAuHOcTe9nprxZXCpK+NYvwo/SVAquhvRE8W3S36w466SqY46ludp3a9o/N+n+gPOuqDl5GABCQgAQlIoEZAw6ffjwNxCBQOvWGUQotUmJ/c0WEEf4n+NIo7DRXe39fvYQ22d3DlfsD6ilFiRZR+E8DIOGuUlO27OuoqmRD3nbjWy/LzfTq6vpeRgAQkIAEJSGANAho+/Xos7pHuUP/l0tEzRTe6Pz/K51+LUjOGLFFKewRumaZfEyVWA9b3be9SttwgAQxTUosTi0XR3baF3T/i69hlKvLzvCHxhclD2qZv+xKQgAQkIIFNCGj4LP8RuXu6QIwOxs6ky1rpHXE6u6KfrZQsYhg+SvsEyHpHEDpxUreu+Ld/Va+wKIFPp4ErRO8Vbbs2DruwH67+huv9ZpfnodHfLToYz5eABCQgAQlIYHECGj6LM5y3hefnRNJME3uwlnw3vyT17ZFOtudFvNB523I2ab5PFWUVn4B0ZRgEKLzLrhyp3NsuwEsMHQsXdfllfrhJtItdpmHcEXspAQlIQAIS6AEBDZ/ubwLGzrOrCXX96n/PD6S4fWd0vyi7PMpyCJTdgs/k8neLfn053fCqcxA4KOc8OMqCwY3nOH/aU3BLxeg5Ze2Ev+X9W6Lbou7yTEvS4yQgAQlIQAIdEdDw6Qh0LsPOzs7olScu+ef8fGj0KdHjuuuOV1qDABPlN0apy0NRSXZ6lOEQwBjBre3w6K1a6vbl0u5hUWKH6kK2uKtFTXjREniblYAEJCABCSxKQMNnUYLTnU+w85eiZJcqwurwjug9p2vCo1omUDK2EUd12yj1eZThENgjXT0m+sUoxXublgumQQr/ks2vLmRUfGS0bZe6psdjexKQgAQkIIGVI6Dh0/4tv04ugfvayWuXOj7v94r+pP3Le4VNCNwpn780isvSzap7JbRhEbhQuntsFCOEujk/a7D77P5RrJbEFvXkI7im4k7H7ymMqkhAAhKQgAQk0HMCGj7t3qBXpnmyttWF9NNMtpXlEyj3h9043Ny+v/wu2YMZCVw+xxOLRUzNtar3Mzax7uEH5JNHReuLFhyMS+qdo0c1dSHbkYAEJCABCUigfQIaPu0wZqL0wehVJpon2xTJDZTlEsBd6d3R00YfEdVNabn3Y96rU/OKhQRq5ewdbco9kRTUT4vWExfQx19FyeCGy5siAQlIQAISkMDACGj4NH/DqMdDGlvSIBchQxv1RHY0fzlbnJHAa3M8q/Xs7lw12tRkecZuePiCBEhXzULCrihGzy8WbI/THx4lXufsE20Rj/fv0Qc1cA2bkIAEJCABCUhgSQQ0fJoFT92QZ0VPUmuWeIPLOMFuFvQcre2ec9iFI9EEaYhJeawMk8At023SRlNUdksUw2QRuUtO/tfohddo5Av53f2iurUtQthzJSABCUhAAj0goOHTzE3A0GGXZzLj09H5HckNcMVRlkeA1MZviP4pek0nscu7EQ1cmTTjpH7H6CHTGung55WL5MR3RHmdlG/kF7eL8jesSEACEpCABCQwAgIaPovfxJumCVafTzrRFK4xD1i8eVtYkAAT25tEPxmdjLlasGlP75jA03O9x0S/EsW9DUN2HmH37/XRS0UnvwN/nN/hRve2eRr2HAlIQAISkIAE+ktAw2exe3OmnD6ZOvf3+R0Zwj68WNOevSABdt+YvJ4t+uTo/gu25+nLJYBr4kHRRYweUl0T47V1jaGQWp7dpJctd5heXQISkIAEJCCBtgho+CxGljS6pNMtgrFDSl1leQS25NKfiJ4ryur9taP/sbzueOUGCFwjbeyMfjtKHM6sMT3nzTkYNNdfoy+kwcYofnYD/bQJCUhAAhKQgAR6TEDDZ/6bs09OfXvtdFaj952/Oc9ckMBZcv6no8R9/DKKmyGpjpVhEyD+5otRColePfqxGYdD5jcyKtYTjtAEz8grotujv56xTQ+XgAQkIAEJSGCABDR85rtpp8lpP4qWlNVfzfs95mvKsxogQPzOlaLEfDwn+rgG2rSJ5RMgbg6jZ7fol6NXmLJLuKA+IYp73GTs3W/zu+1Rd3imhOlhEpCABCQggbEQ0PCZ706y08OOD/L3amJmPZj5WC5yFkbOftU9eGVeWdlXxkOAQqLPjeLaRsKBl08xtKfmGNLKTxYf5VRc2g6Yog0PkYAEJCABCUhghAQ0fGa/qezs1GNGCJa+6+zNeMYCBEge8eromaMfiN4xSnC6Mh4CJCI4LnryKAWAzxmdTCRSHy3FRamhhUtcXTCa3he9d5SitYoEJCABCUhAAitKQMNn9hvP5AtXGoSJFIHTSjcEcHV6QfRy0a9Fb1G9dnN1r9IlAVLEU6gUwaB51BroNZsdAAAKQUlEQVQXP19+R42m7dHTrfH5O/M7FiV+0WXHvZYEJCABCUhAAv0koOEz233BnerutVOulvcULlXaJXD+NP+qKMVHfxAlcUE9sUS7V7f1rgmwO3NwdVHitu4UPaz6+fR5vVn0NlGKA0/u8HAYu4D3i36r6457PQlIQAISkIAE+ktAw2f6e3PDHHpk7XALlE7PbpEjcVO6bpTMW2TOI2hdGS+BLRkaaeKpv1QXDN0ToneJrve99fl8RlyQixHjfT4cmQQkIAEJSGBuAho+06GDEy5uZ6wOx3WmuLtN14JHzUKAVXzqrtw5SozGoVFW/ZVxEzh1hveFKCmsSU2OqxvJKx4eXe+76lf5jMxvuMO9Y9x4HJ0EJCABCUhAAosQ0PCZjt6bchiuNUUumTcWxZyO3SxHnSEHs6tzhyh1V3BZut4sDXjsoAmwi4qLWhF2eI6J7h2djOE5Ir87MEoqc0UCEpCABCQgAQlsSkDDZ1NEJ7pMDvlc7bA35v3tNz/NI2YgQPFRUlOTnQ2DhyKV949SH0lZHQIlffV6IyaZCHF2b4668LA6z4UjlYAEJCABCTRCQMNnc4zU5yF7FPLzKJN0avcoixOA5eHRq0Z5FonneUj064s3bQsDJXCp9Lu4lFKUlvguDB6SG5jQYqA31W5LQAISkIAE+kBAw2fju3C3fLyjdsjl8/6oPty4gffh2un/C6MXi1KjhaQR26IYlooEJCABCUhAAhKQgAQaJ6DhszHSo/PxXtUhn8grOxPK/ARYtScV8Umjv4s+I/rk+ZvzTAlIQAISkIAEJCABCUxHQMNnfU4ny0d/jBZGV897Yk+U2QgQgP6g6Cmr076dVwLY3z9bMx4tAQlIQAISkIAEJCCB+Qlo+KzPjorwpWgiKXMpnKhMR+DSOYwMXbgG8oz9Nkp66odNd7pHSUACEpCABCQgAQlIoFkCGj7r83xePtq3+vjYvO7eLPrRtcYOGXE7ZGY7TTW6r+X1SVHq8CgSkIAEJCABCUhAAhJYGgENn/XRUyfkptXH78rrTZZ2l/p/YVJR3zdKAcpfRmFHdjbeKxKQgAQkIAEJSEACElg6AQ2f9W8BhRFJp4u8Inqvpd+t/nVgv3QJowfBne12UYxERQISkIAEJCABCUhAAr0ioOGz/u3ATeui1cf75/WAXt255XXmzLk0RVyJ3zltlBorj4u+dnld8soSkIAEJCABCUhAAhLYmICGz/p8vpePzlN9fP+8vmTFH6Y7ZfyPjV48ynNDYVeytbnDs+IPhsOXgAQkIAEJSEACQyCg4bP+XTo+H52z+phJ/yFDuKEN9/Fsae+l0a3RM0T/FsUFkAQGGIaKBCQgAQlIQAISkIAEBkFAw2f923RCPioprK+b9x8YxB1dvJM8Ew+t9HxVc7/P6+ujuLT9ZPFL2IIEJCABCUhAAhKQgAS6JaDhM53hs3cOO7rbW9P51a6SK744umd15b/n9ZjoU6KHd94bLygBCUhAAhKQgAQkIIEGCWj4rA/zD/no5NXHxLWQ7GBsskcGROzSZaOnqAZHsda3RcnY9rOxDdjxSEACEpCABCQgAQmsJgENn+kMHwpykq55DLIlg3hZlFTd1N1Bfh59f/TZ0c+NYZCOQQISkIAEJCABCUhAAnUCGj7rPw9/yUcnqT4eOqfrZxwHRS9SGy6xOh/S2PELQQISkIAEJCABCUhgFQgMfULf5j0ig1nhw47I1aJfbfOCDbZ9sbT1sOg+0TNGixsbu1ZvibLj8/EGr2dTEpCABCQgAQlIQAIS6DUBDZ/1b099x4ej/hg9f/RHPbyjV0if7ha9ZnS3aIlNoqvE7Lw3+orqtYfdt0sSkIAEJCABCUhAAhJol4CGz/p8CfwnhfU5aof8Ou+fGH1edPfo9arP2FW5e5SdIRICvKP6PTtE76ve3zyvW6LnjeJmRuHPL09xe8mydq2J49jRwX2N2jpoXf6cH8jGxnVfHf3GFNfwEAlIQAISkIAEJCABCYyagIbP5rf3ljnksGhfWeGS98PoEVEytE1jTG0+ao+QgAQkIAEJSEACEpDAiAj0dTLfN8QYFPddcqdwWaO2zi+i34m+uzLIvrXkfnl5CUhAAhKQgAQkIAEJ9J6Ahs/0t+geOfSA6Gmj/xIl5gfBte17UVJeExdE/Z8iF6yO/2te/yPK6/HRLdWx5bhv582Xqh/+lFd2mH48fdc8UgISkIAEJCABCUhAAhLYiICGj8+HBCQgAQlIQAISkIAEJDB6Aho+o7/FDlACEpCABCQgAQlIQAIS0PDxGZCABCQgAQlIQAISkIAERk9Aw2f0t9gBSkACEpCABCQgAQlIQAIaPj4DEpCABCQgAQlIQAISkMDoCWj4jP4WO0AJSEACEpCABCQgAQlIQMPHZ0ACEpCABCQgAQlIQAISGD0BDZ/R32IHKAEJSEACEpCABCQgAQlo+PgMSEACEpCABCQgAQlIQAKjJ6DhM/pb7AAlIAEJSEACEpCABCQgAQ0fnwEJSEACEpCABCQgAQlIYPQENHxGf4sdoAQkIAEJSEACEpCABCSg4eMzIAEJSEACEpCABCQgAQmMnoCGz+hvsQOUgAQkIAEJSEACEpCABDR8fAYkIAEJSEACEpCABCQggdET0PAZ/S12gBKQgAQkIAEJSEACEpCAho/PgAQkIAEJSEACEpCABCQwegIaPqO/xQ5QAhKQgAQkIAEJSEACEtDw8RmQgAQkIAEJSEACEpCABEZPQMNn9LfYAUpAAhKQgAQkIAEJSEACGj4+AxKQgAQkIAEJSEACEpDA6Alo+Iz+FjtACUhAAhKQgAQkIAEJSEDDx2dAAhKQgAQkIAEJSEACEhg9AQ2f0d9iBygBCUhAAhKQgAQkIAEJaPj4DEhAAhKQgAQkIAEJSEACoyeg4TP6W+wAJSABCUhAAhKQgAQkIAENH58BCUhAAhKQgAQkIAEJSGD0BDR8Rn+LHaAEJCABCUhAAhKQgAQkoOHjMyABCUhAAhKQgAQkIAEJjJ6Ahs/ob7EDlIAEJCABCUhAAhKQgAQ0fHwGJCABCUhAAhKQgAQkIIHRE9DwGf0tdoASkIAEJCABCUhAAhKQgIaPz4AEJCABCUhAAhKQgAQkMHoCGj6jv8UOUAISkIAEJCABCUhAAhLQ8PEZkIAEJCABCUhAAhKQgARGT0DDZ/S32AFKQAISkIAEJCABCUhAAho+PgMSkIAEJCABCUhAAhKQwOgJaPiM/hY7QAlIQAISkIAEJCABCUhAw8dnQAISkIAEJCABCUhAAhIYPQENn9HfYgcoAQlIQAISkIAEJCABCWj4+AxIQAISkIAEJCABCUhAAqMnoOEz+lvsACUgAQlIQAISkIAEJCABDR+fAQlIQAISkIAEJCABCUhg9AQ0fEZ/ix2gBCQgAQlIQAISkIAEJKDh4zMgAQlIQAISkIAEJCABCYyegIbP6G+xA5SABCQgAQlIQAISkIAENHx8BiQgAQlIQAISkIAEJCCB0RP4/0KmLSIeuOs+AAAAAElFTkSuQmCC', '2025-07-22 00:36:55');
INSERT INTO `asistencias` (`id`, `sesion_id`, `estudiante_id`, `hora_registro`, `firma`, `created_at`) VALUES
(3, 3, 3, '2025-07-22 00:43:09', 'data:image/png;base64,iVBORw0KGgoAAAANSUhEUgAAAz4AAAFACAYAAAB9fKlAAAAgAElEQVR4XuzdCbx1fzk3/h7zHJqocDL8yxQJKcUpQ4QoQ0K5SyqVikQi3RVNEhnyS6m7lCKUJiJ1l6kM8YTHFA4y1EOI6m/sud799lXrt397n7OHNe/rer2u19nnnL3W+n4/a63v95qv/3WFokKgECgECoFCoBAoBAqBQqAQKARmjsD/mvn8anqFQCFQCBQChUAhUAgUAoVAIVAIXKEUn3oICoFCoBAoBAqBQqAQKAQKgUJg9giU4jP7W1wTnDACd4ixf3rwOwdfI/iBwS+d8Hxq6IVAIVAIFAKFQCFQCAyGQCk+g0FfFy4ETkXgkvjvXZa+8W/x+3sXboVAIVAIFAKFQCFQCBQC2yNQis/2mNURhUCXCNwoTv7M4KuvuMh/xN/etcuL17kLgUKgECgECoFCoBCYKwKl+Mz1zta8pobAe8aA/zT4A9cM/C3x988OftHUJlbjLQQKgUKgECgECoFCYAwIlOIzhrtQYygErnCFxwcIdzoFiDvG/55UQBUChUAhUAgUAoVAIVAI7IZAKT674VZHFQJtIyCMTRGDVXS/+OMj2r5gna8QKAQKgUKgECgECoFDQqAUn0O62zXXsSJwPgamYtsy/Xf8gRfowlgHXuMqBAqBQqAQKAQKgUJgKgiU4jOVO1XjnDMC/xyTu+LSBP89fj8OfvmcJ15zKwQKgUKgECgECoFCoC8ESvHpC+m6TiGwGoG7xp9/eOlfr4nfPyb4Xwq0QqAQKAQKgUKgECgECoF2ECjFpx0c6yyFwK4IvDkOfLfGwf8an68U/J+7nrCOKwQKgUKgECgECoFCoBC4PAKl+NRTUQgMg8BV4rJ/uFBymiO4bvzye8MMqa5aCBQChUAhUAgUAoXAfBEoxWe+97ZmNl4EPiSG9lvBV14a4ivj9+uPd9g1skKgECgECoFCoBAoBKaLQCk+0713NfJpInC7GPYTgt9lafj/E7/L6+EFKioECoFCoBAoBAqBQqAQaBmBUnxaBrROVwicgsAPxP/useb/F+PvNy30CoFCoBAoBAqBQqAQKAS6QaAUn25wrbMWAssIPCf+8AWLP/5l/BTulqRfzzWCX1uwFQKFQCFQCBQChUAhUAh0g0ApPt3gWmctBBKBD40Pvxx89eC3BD8q+L5L8PxQ/L7OE1RIFgKFQCFQCBQChUAhUAi0gEApPi2AWKcoBNYgIJ/nycHeszcFf+7i96PG9zUvVeSA16eoECgECoFCoBAoBAqBQqAjBErx6QjYOu1BI/COMfuXBn/qAoUXxk9hbl8Z/KQlZG4Zvz/3oNGqyRcChUAhUAgUAoVAIdADAqX49AByXeKgELhjzPbxwe8Q/Org2wYrXf3Owf8Y/N4NNH41Pt/4oNCpyRYChUAhUAgUAoVAITAQAqX4DAR8XXaWCLxvzOrvgt8tmGfna4MzhE1uz30as/Z33/uvWSJRkyoECoFCoBAoBAqBQmBkCJTiM7IbUsOZLAKUHtXa3if4ecFZwc2EKDj/Etzs3fMN8fv3TXa2NfBCoBAoBAqBQqAQKAQmhkApPhO7YTXcUSKgOMEfB79/8EuCb7Y0yofF7/dr/O1v4vM1RzmTGlQhUAgUAoVAIVAIFAIzRaAUn5ne2JpWbwjw5vxV8FWCXx58wxVXVtHt3Rt//4T4/Du9jbAuVAgUAoVAIVAIFAKFQCHw1jK7RYVAIbAbAleLwxQweK/gXwm+yYrTfF387bGNv/96fL7RbperowqBQqAQKAQKgUKgECgEdkWgFJ9dkavjDh2BTwoAXhbM4/PzwXr0rKK/iD8eLf7x7/FTLtD/f+jg1fwLgUKgECgECoFCoBDoG4FSfPpGvK43BwRuE5N4avA7BV8SzKuzij44/qjgQdJz4sMXzgGAmkMhUAgUAjNE4KNiTu8RzED1f4P/J1gO55sXn+8cPxm7FKoR4vxNM8SgplQIzBqBUnxmfXtrch0g8Jg45z2D3xL8jcGnVWZ7RvyfkoT08LGBFhUChUAhUAisR+A68a/3DL5q8N8Hf0Dj5+vi86cHf3QwD7q+aO8arGm01gBXCna89VkvtWwXkP/3fYoLrzvlhQzksz5rDFmqb8rJdE5/93//+8/g/wj+3WDe/g8JflZwru/xsagQKASmgEApPlO4SzXGMSDAAvjS4OsG23BvHfyCMwbGSmiTRQ8MfvAYJlJjKAQKgUJgQwRuGd+jDFAErGUUin8OVrZfTqOiLhQD///XYMqD7/GafPzi+9ZLxV0oFP7ud1UtHaefmWMoKJQTv/tMyVhHr41/6JfWJJUy/2lx/LPj5+uDPzDYd13bdR1DGfq9U8592r9U5+Tdf2WwnmxVoGZHIOuwQmBIBErxGRL9uvZUELhFDPQng1khFTNQue0fzhj87eP/T158543xk6WR0FBUCBQChcA+CHxFHJwKgvNYV4RkCaO1Rvk993afKRY8JNagJMfnekRB8J08Vx7vHG84ZaC8MXgV+bsql+voafEPoWRToM+JQf7IAq97xM/nTmHQNcZCoBBYjUApPvVkFAKnIyC07esXX1Gdzca3Cf1hfEnIBXpc8F03Oai+UwgUArNAQANjIVqIUkKZ+MRgno5UMng1eEp4RngifC9/UmDSWLK8T/PArCKFVNb9T4jWyZrjeEjW/W8WN2OPSfxGHMvL/4PBlc+zB5B1aCEwFgRK8RnLnahxjA0B4RqEhWsH89h8XrBQt03IeyUmPEM3CDHCO4oKgUJg3Ah8cQzvg4KFW1FWjoM1JvZOU0zkkCha0vSqCIOlsDTJ8daNJgm/khC/TD8Xf1heH+SXKJxSNAwCT4nL8qy5N5TYokKgEJgJAqX4zORG1jRaReDGcTYlqiks4rhvFiyufVN6eHzxWxZf/tn4+UWbHljfKwQKgVYQkJuiQheF5BrBH7c4q7wSYV/phZH7kR4YX6FwNJUQRUn+ujEiBo3nL42QV+DXWhl1nWRoBG4XA3ji4p5TgiuPZ+g7UtcvBFpGoBSflgGt000egXvHDL4n2LvxiOBv3WFGknw1NUWsxZJuiwqBQmA/BCSWCx8TLib8CL1fsBwViky+c/4ujExxEcRocbL47G8vbAzjt+Kz5sNFhYBQQUqysGTKT1EhUAjMEIFSfGZ4U2tKOyOgGIGiBIQmBQ1+aYcz3TaO+fHFcSoNEdKKCoFCYD0Cwse+OZg3hXeVp5WCI8clyww7mieGR0YeCyEV8cb89uIzL+0fFdCFwJYI/H/x/V8NflXwZ2x5bH29ECgEJoZAKT4Tu2E13M4QeEmc+ThY+VNhMX7uQkJjeHnkAHxCsDyhokLgkBGg2NwvmEKjIuIVg6++eEey3Hsm5f+f+DvDg5LDfxb858Ea/xYVAl0g8NNxUtXweBMf38UF6pyFQCEwLgRK8RnX/ajR9I+A+H4V2D48mMXvBsGsyruQ3g6PWhwoKZbXqKgQOAQEjmKSdwnmqVGlTAEA+TNNxYZCQ7ER+qlQCA/PDx0CODXH0SGgCerzgv8y+GNGN7oaUCFQCHSGQCk+nUFbJ54AAnePMWpKJ6TGJrhv9R5VnAh78g1UdCsqBOaGgOqGin98WvCHBqto1lRuNKn8k+Asn1ylkuf2BEx/PudjCt8eLJczi9BMf1Y1g0KgENgIgVJ8NoKpvjQzBBQs0JMhQ9J+LD5/9Z5z5Onh8UHVt2dPMOvwwRG4XoxAVavPDpbwfeXgdwmm1Cve8afBvx/8v4OfHrxraOjgE60BHBQCCtbcK/hWwbzyRYVAIXBgCJTic2A3/MCn+52LTU/1J53LWaPvFLxNqepVEMpZ0IVcIva/BTc7pB845DX9CSDw4BjjRwZ/cjAFh9cSybuh3AhP+83gyoGYwM2sIa5FQBPSOwYrc35SOBUChcBhIlCKz2He90Ob9bmYsFwCAp3Ggs8IlsxKSWmDnhYn0ewOCZ14ZBsnrXMUAi0joJ+U/Bu5Z9cJVmxAn5s3BP99sH40rwgmIBYVAnNC4HNiMs8KpuCfzGliNZdCoBDYDoFSfLbDq749LQRuE8N9TPDVgnl4fjKYxW/X4gWrZv8h8UeVpwiQr1tca1oo1WjniMC5mJQE7msHs3DzSiomIExNxTRhPrw4L57j5GtOhcASAsqeXxL8XYVMIVAIHDYCpfgc9v2f6+wpI6x78hSQfjxfErxvSNsqvF4ef1QJDp0L1guoqBDoEwHd5o+DlU//sGChlnrevCb4r4JfEPzMYBWsigqBQ0SAp18Fz6JCoBA4cARK8TnwB2CG039CzOkOwTwwErCF98hR6IL0+8k+Pa6lEV5RIdAlAreMk39qsHA1JaPfJ5gH82+D/yCYB+f7uhxAnbsQmCACpfhM8KbVkAuBLhAoxacLVOucQyCg47ZQNpXaCIJfH0wJ6pI0WFTSF90o+Ne7vFid++AQUFXtE4MVHZCb49nmyfmHYJ3mXxZcfXAO7rGoCW+JwPUXa7OqhEWFQCFw6b6if5VG6yp13jRY9U4GY+zv9APss/xPEQR+lzbww1MGsRSfKd+9GjsE9BBRTpdnB+nH86XBbebxrEL6XPzxSYt/KOlLMC0qBHZFgAL9ZcGSsD82+P2CU8nhTfRcP3rXk9dxhcCBIsBo8MvBDw9+4IFiUNM+LASE+OPPDSbjf8riJ8PZuy4+84DqO5ikqfRpodDXjf9TiJLkjCb94+KDYlFkIY2qGaFVuf3xMUJfis8Y70qNaVME9BjxgnkJvbgUHvk8fZBKWHIpWEM+PFiBg6JCYFMEVP+zMQmX1ASU1U1J9N8JfmGwHLXKydkUzfpeIXB5BBTvYNl+SPB3FECFwEwQOIp5XCn4Zov9QzNpDdM/cLGPvDl+MpppRWBfkeNJ0aGUvKRlDBjshF8jof5ZSOdai7+RzchICuuIVFBcR2SM8f5s8N8F/8XiZ8tDW3+6Unx6g7ou1CICBMWfCvbiI8rPueCuvTw5he+ODxqgIknjLPVFhcA6BL4m/qHCICXnKsHW3eyR86L4fCH4pOArBAqBVhB4YpxFnidP6ecH/0krZ62TFALtI0CGeVMwTwxlwL5gj/Dc8tAgf6NIfHQw2YfnhSKhiuwfBcvrVLXwp9sfXmtn5IFSZVSF3RsuzppeJFE7vENC6DCD37sHnwQLsRNZ02qedik+rd3XOlFPCNw7rvOwYC8LC4Ikb5a9Psmio0IQl64Fq6gQSASEqn1VMEuz6oKeU1auPw6Wk0NRVgmwqBAoBNpDgLWbZ+erg3nj7xN8ob3T15kKgcsgIG9MpAePCu/LZwbzbCDeFv/XKD1/1zMt22pQcBzn+81wM9/lrUG/FkzhIaN7nn2Xh6Rtj83icqP58UExErmtFDp7KVlLuKrQb3j8SvBTF3jsrAyV4jOa+10DOQOBG8f/fyL46sEWje8P/oYBUEtroktTwO4/wBjqkuNAQOy0UtJ+KiPNrS+k4CT4lcG8OY8fx1BrFIXALBEQXmMvsD+obPiAxT4xy8nWpDpFwPqt7QWDFcMV74MCALwPiLeFoZMSYp3nqUE+Cytr0i/GL02lRhizRudFuyMgjM5++4XBVw2mQJ4ECwvn7VLVdCMqxWcjmOpLAyLgYefqpPUjrs9bB//NQGOyyHnhJPLJ8Sk6DARUvFFAg4dRv5wrB1s/PYd/GPzzwVVG+jCehZrl8AjcJIagObUQGh5/kQCs5EWFwGkInIt/ChsTbvWRwe8RnOFjjuNV4GVIIVqzZ9VbkfzLlxa8o0GAcsrTJpScsioE8CT4ocEM1GupFJ/R3MMayBICHuQLweJCPacS4MRtD7nwCFNiEUI2Whtv0TwR+PKY1lcEsyhfM1ioggIaNkLJmT838LM4T9RrVoXA6QhYdxUGkQfBo/q1wfIbigqBJgL3iF8Uj6HkCINkpGSwFEomF9g6LvxYuJSqf79d8E0eAeGF1geGcaXr7xr8o6tmVYrP5O/17CYg4U1vEk0aPZ9/v3iYhbkNSRLThS+xKrw+WFxv0TwQYDkSV/x5wWKMWQBZ/iRHvyqYJXnlAjqP6dcsCoFRIyCX4kGL95M1nmf1u0Y94hpcXwjwxN8zOPvSCIFC1m/e+L8KViWT1+a5fQ2qrjM4AowjPD93D75keTSl+Ax+f2oACwQ0IP2BYO5nJF77XsGqt42BsjSqsajQpZJc0fQQUH6TUi1WmJItZE3OmAo5EkcVHqimoNO7rzXi+SEguZmS4519xeK9fMb8plkz2hABRqk7BR8Hy72Rk8OLo4+MHJvfDdY3Rjh8USEgIucuwXK0svDEW1EpxacejqERuFUM4HHBQhcQKzt3pdrzY6EviIE8ZzEY7vHrjGVgNY5TEbAx6kgtPPE4WGUYVdZUydHTQJUc4TLCHooKgUJgHAgQWG4fzLsjv5P1tujwELDv6s2nXx8DFSVHtIX1Wqgxb7yfRYXAOgQUlfiZYArQ26gUn3pghkTgQlxc+VEWd+FE3JIWs7HRa2NA6ULXLExMcNH4EFBd7c7BKqwJTXyfYErOq4OfF8xqXBvl+O5bjagQEKr0hOBrBxNs7xs8ZD5n3ZF+EZCkfvNgyo7wNaWg5eLo6fLsxfqtlHFRIbANAvJ0nxIsZ/xtBbFK8dkGwvpuWwjIoaDoCGvT40Qp0jEqPOYrSVIIHjJmYVJFwyMg7v+2wRJYNXaTvKqvkmo8CmE8PXjMDd2GR7BGUAgMjwAFR9jpBwcLazs//JBqBD0goBXFjYIlpBNKeff+LviXghWPqZzKHm7CgVxCnrhcr6wMXKFuB3LjxzRNlh1111l0WOI/KfifxzTApbEoW62iF68UV3vRMAio3iQs0kYpLFKPhdcEU0bF/Vfi6jD3pa5aCGyLgJwd4c0EX0aKHwnWi6donghoAyBk7QbBQtZ44uVUalKZOZVVmW+e934Ms/r8hXzAmyjyoxSfMdyVAxnDO8U8Hxksf4en8ceCxXGPmWzOQqeQuvDqxRd1j4DwR4sVC42wB8/LPwTro0DBqeID3d+DukIh0DYC1lPNB/VOeUjwd7d9gTrf4AjwvisnTMkRevz+wcKNhS/qdfYnwdpCFBUCfSKgWJYS1xTvUnz6RP6AryW0TXyuRVEDUIlmpzaYGglW2axUCJWOzUXtI8AaKNSR9VfPHAUIeABV6Hl+8KPbv2SdsRAoBHpCQBgbb621n7Grqm71BHwPl3FPNXOmzFJ05MGqnsUTry/OLwRXyFoPN6IucSYCihy9eLH+fGXl+JyJV31hTwTOxfE/HKyalljL42CV0cZOKn7dcjHIb46fZZ3c/46xAH5lsKa0R8HKTL4xmDVGyIMQyApZ2x/nOkMhMDQC3xgD0EBQ3sYPBpeVf+g7sv/1lRcX9cATrykow6DCP0LW9MqRo1VUCIwVgSfHwEQZ3bIUn7HeoumPi6KjjKDkc+SzJpFTIOWqdXT2fqgEcs0pDHpkY7ze4n77qWKTvBz5UpTeXw2m5FTVppHdtBpOIbAHAry2qijdIliC+gOC/3yP89WhwyHwUXFpYenuJS+8HFeRD6piurcVbjzcvakr744A+eOoFJ/dAawj1yPAMvQTwZIYLZZyNqbUeK7ZrFQPgV+sm30qAh8b/+XFUer7hsEfEKxKj0oqQh64mCvkoR6iQmCeCHxXTOt48c7L43j4PKd5ELN6VMySV17xIVUx7ePVAuAgbv1BTJIceptSfA7iXvc2SYulhnMaRiJ5Gjw+QtymQhIzswyy8fNYFL0dAXHdlEHV+G4SfLVgFdaEtEhgpSQKbSkqBAqB+SJws5jadwTzBvzUYs3kJS+aFgLW84ct1nT5ORo7f3uwxs5FhcCcEKDv/Hvwi0vxmdNtHXYunxeXp01TfgjCNsWHDjukna6ezUptAprp/elOZ5nPQe7rZwUfB9skefAoOfrlvCS44rrnc69rJoXAaQgIf+K9//hgzSUJyIwdRdNCgMHqe4NVzBSVwdD3bcFVUnpa97FGux0CeoapLPy5pfhsB1x9+/IIKFNN4cn8HTGUOjDruDw1ajYr1UhNz6FDIb01VFWT/EfB0SBU36I3BxNu9Mu536GAUfMsBAqBtyJA2RHKKoyVdzdzPMq7M60HRCjyY4Llq9qznxYsLLGKyUzrPtZod0dAzzDVea9eis/uINaRl4Y6PSdYuWrJj1zmrIBTpTfFwFUak59y9WC9Y+ZK8rAodjZEZUjxPwXrs0C4sSkKeygqBAqBw0OAwvM9wTw7rwq2zsvXK5oOApqGfkOw4jLu41MW91GZ6aJC4JAQUIVQ9dgLwXcoxeeQbn17c2UxksCqZKln6CT4OHiKXp5ERX+J2y5+kaw7ZQVu+U6Lx5eXI3SPwoN4cn4/WFPQlwVnXlN7T0mdqRAoBKaEwMfFYDOsVe6O/jvl2ZnSHbzCFe4ZwxW5cBSsiiaF9dy0plCjLQRaR+ARcUZtSRReem0pPq3jO/sT8u4QlIU/oEuCv27is+b+V4HM+2CzeO8Jz0czUAUlbrN4yXniME8OIeaBwVNWUCd8a2rohcAoEZDfIW+HEcTawCBS3t5R3qrLDepK8RcNwe8U/MHBrwvm2cGltE7jHtYou0dAU913CRbZ8lZBr6gQ2BQB3W+fF/wewRQEDT4luE+d9CXQXBNJ3rVpTIF4co6DWWo/I1hDOZ4cShyvFWVHc7miQqAQKASaCMjju0Ewr/3TF+tFITQNBDQQvVvwFwZfMVivOe0CNApXnKeoECgE3o4A7/Xrg38kmJGgFJ96OjZGwAapxj9lWcz3pwZTfqZOFB6KD2LpTE/WmOZlc7t+sI1OuBqvjupqlBxV51hqHxdcSs6Y7lqNpRAYHwIPXqwlktqtH7qZF40fAaHKj16s/0bLm0OQq0ai4793NcJhESC3kl+vG0zGK8Vn2PsxiasvV22z+N5nEiPfbJAqfRwtvnqd+Kkq3dCkaMTXBLPKCmVQTUmhBY1VWffkVykpXVQIFAKFwFkI3Dm+wFAi/NUaotVA0fgRUIVN2LKKm8KVfybY/vsb4x96jbAQGA0CWm/I7SFLvZUq1G0092aUA7lyjOpXgnkZbJyS/y2+cyEdqp+6mIwkUB6Vvkm4GlY+WuGBdwhWXe3FwX8erOhAxWr3fVfqeoXAtBHQePkjg88Hs3heDBb6WjReBOwBet/x7vDyy0tQgU2vtOqXNN77ViMbNwJkV+04jnOYpfiM+4YNOTreBkqPYga8DcKrxuANaROTN8bJ5Csp9SkO1M8uSVlRuTh6HlEq05PD/UooeXxwKTld3oE6dyEwXwRYNO8QzKBz/8Waplpl0XgRUIEN66FGHrPH/lTwnKqKjhf9GtncEfiYmCCjgSgl3tK3Uik+c7/tu81PfxdFDDR7Ut2H0jOHfJ4mGhJB77r4g01GMYA2Se6QSjs2tOx0TtF6QzAFh0enlJw2EZ/HuSjgCmzIveD5KyoEzkJAzx0b+7ODeed5eIrGi8CTYmhyZHl4FKSRb6VnEqt0USFQCLSHgDw4Zfn1Z3ybYbsUn/YAnsuZHhsToRB4NlgLWQ/nSDacdwxW/pPnZVdSDEH8Ncw+LDgLD1ByKDfO/y27nryOOzgEeFdZ7sdaaOPgbshIJ0zZUdmLsExRvldwFTcZ582So6OHiCp6jGBC2OTplLIzzvtVo5oPAn8dU5GnroHp26gUn/nc4DZm8qw4yRctTqTfiwpAcyR9iBQQQDcKzqpuZ801lZz7xhd5dLxMbwr+x+DfCmahf2RwFR44C8n6/yoE7hd/fNjiH8rSSsgsKgSaCLBeWmusM3cPrryd8T4f3mUFJfTXeXWw0PEH1P4w3htWI5sVAh8SszkJFmGjwMvbqBSfWd3nnSfDU/HLwQR5nhAWxLnGhuuB8IoFUub8aWtQY1F9/+B7B+uTwwrPi/MvwSojeZlYE3BRIdAGApRoLnn0ncGEpKJCQCnWXwy+EKxh9EuDS+EZ33NxFEOSr3Mu2H6hn9pPBjOUFRUChUC/CFyMy4nAuVbwZeS0Unz6vRFjvJpwie8PFvb198E8Gbp3z5VOYmIsAcLTFBjgpVEBSWz8HYM/KPh9goUc/XvwzwYTNCTIUXqKCoEuEJAPRplOkuvzz11cqM45CQQYXq4e/KXBEt7lfPEsF40PgQsxpM8LZijTV41yqhJbUSFQCAyDwKfHZS8Gy3e8nOGhFJ9hbsoYrvpuMYifCz5eDOYl8VMZTR6fuZLQkB9cTO7l8dPzf41gCo1cHMnBYuaFkhQVAn0iwNggJAbtm3fW57jrWu0iwNNHeKYIC8dVHKW8O+1i3MbZzsVJ5G5+RDBrMs9O5XK2gWydoxDYHwH76XsFy9++nExbis/+AE/xDJ8Ug35hMKvyfy8WbImWcyMluW1QHv5PCPY74sl5QrDqOr89t0nXfCaHgCaFL2iM+ivi89MnN4sa8K4IaChKcObV+bLgOXvcd8VoDMdRQuVWfUHwW4IZDh8RLHenqBAoBMaBwItiGNqGfGuwZu+Xo1J8xnGj+hzFE+Ni54LdewnUmmdOvawyr81Vg7k3FWcQrqYRqPkpXPB/g4WOZIU6eT3ye4oKgTEgwGJ8zcVAlNzMPJ8xjK3G0A0C1iMKLu+O0Nu5FpLpBr1+z/ptcbm7LPYVlfO0P9BYuqgQKATGhcB3x3C+KZic+zXrhlaKz7huWpejsdH+UnBWihLWddvgrpt2djEnfYYIDdcPlpv0Lot5yMNRlOH5Sxe9Svwuf4kyJF/nuItB1TkLgR0Q0NRWsYwk76jnu2h+CFiDVfn6mWDljTUZLe/OeO/zL8TQWI7tkU8Nfmjdr/HerBrZwSOgKNeFYL0nyYaimVZSKT6H8aw0vTxvjinr7v0TE5g6QQHx1BwH8+x4mAkLGqwSEv81+M/PmItQBA3jFDRQbaeSxidw8w9kiNlgLaf7kfGh+rHM5+ZfMaZCwbld8HsHPyNYSeqicSJw0xjWjwarBPW7wRrD6sdWVAgUAuNFIJUeBm7v7qkG/VJ8xnsj2x54cywAACAASURBVBiZWGSWKlXKEAVAPsG/tXHyls8h/+YWwZ8TrDqOcJ/XB/PmyEd6WvAuIXk2sty4HhKfxdMXFQJjQaBZ1EAS5juPZWA1jr0QUCFSGWqtAlgghUeJPS8aJwLfG8NiYJP3yiPHM1dUCBQC40dARcXnBisKJGxYDvepVIrPWQhN8/+S+T0IihigMXl5PjzG867B8mw8sASD9wj+m+BXBj8zmEeGsNAG6aUg50d5aiFvRYXAmBDgwRSCiYS86TNVNE0EGG80rRSqqImx8uQrk2unOb1ZjloVT4Vv5IEKk67KbLO8zTWpmSKgUu9jgsmMKixqT3ImleJzJkST+4JqZULZCFMqz+hDM1Qujyo4x8EStz928WDyNr1TsDCCZwUv5+O0CfgD42TnFyesggZtIlvnagOBL4+TNKu38Qp8VxsnrnP0ioAS1Nbc9w2W9K6aEENO0TgRkFfH88/wJhpARdOfH+dQa1SFQCGwBgFhqPr0iJoQ2fMXmyJVis+mSI3/ex4ClYF4T5CHQIWzV/U09OvEdSSCflYwAUDIwBuCNd/722DWbF6ovsj1VXUTOlQFDfpCva6zDQIUf+9okneXd7Zo/Ah8cQyRtVHDZ2vtA4KFSBWNFwGKjpw6nn/RBQrknJUfOt7Z1MgKgcNF4Adi6vcIZkBnyFhbyGAVRKX4TP/BuXFMQQ+ID1xM5U3xU2z54zqc2sfFueUKKR8tbO3KwULJ/jCYcqM87x90eP1NTm0cnx/8n8HyhIoKgbEhIIeNgo6E2ijJXjReBFQKkgsiHPGNwbzp3xCsAXLReBGQ62o/9K59XzCPXFEhUAhME4FUenhrGdu3plJ8toZsNAeocPZTwSyOSMUyMcpCLi7XqXbPUT8ojhe3zpNDkSCwvSJYmJqYyqGVnOXpXS/+oDGp55sn7NF7zr8OLwTaRuA944TNIiM7L+JtD6zOdzkE9IM4H8zAIzRR4YKi8SPgPsmx4kkVzib0uagQKASmiYCqmFqWKGAggugGwdI5tqZSfLaGbPAD3i1G8Njg2wfrYYM04/zSYKFdbROLpo1fR/Fdqqq1PZ5NzsfzJPRO7OfRJgfUdwqBnhHI+OS8rPf5x3oeQ11uPQI82iyLHxqsUIEeLj9UgE0CAU0MNRxV0pay88OTGHUNshAoBNYhoDLxbwRfO5j8K8x4ZyrFZ2foBjnw6xcb8Hstri6kjELy8g5HI4zjhsFTUXr0y3hKMA+YhLeXdYhNnboQ2BUBRopmaFsWI9n1fHXc/ghQcp4crJeS8Fgb7P32P22doQcEREAIY/vC4D8LvlewBqRFhUAhMG0EPiaG/+vBoiQYoBQB2otK8dkLvt4Ovm5cSZlnVdKQ+HJxyiySXRKFyuYxpd43/xjj1QdI2J++DEWFwNgQ0KNKLl6SpmuZoze2sR7CeOTtKMpifVVwQjjbsw9h4jOZo/snrE2fOgrPq2cyr5pGIXDoCDBCUXqEq4o+asXrXorPeB8r+TRCzLj0joLdK14MDUnTjd/l6HXCpV2zpE2F1HO/Z7AQB8JlUSEwRgTkxmnWmyTETahbUX8IaJSsCMzNggnKcqzu1t/l60otIKB1A+PWnwQTirJRdQunrlMUAoXAwAiQPXlvRUPw+njPW6FSfFqBsbWTuNE8Odz1Pjfvj4ae/i5vpWuSPKZMoN43ksmmQv8RA1W+Wr6Twg9FhcDYEFBZSgXEbFpqfDcPrrCcfu7UJXEZZY2VNL4YrGFlW82S+5nBYV9F7qaCBXKw5HJ+/GHDUbMvBGaLAEVHU1LVeVvt91iKzziemW+LYdw5+IOXhqPqE/e9qmpd5vEso/BH8QclsqcU4qYBHQHyt4I/aRy3tUZRCFwOgZ+Iv8jLS9J/QEPfou4QUH5a7o5N1Gb6nODK3ekO7y7OLAxRoQJC0M8FU1j7MAJ2MZc6ZyFQCJyOAGOUFI9OmnqX4jPc46c62+MXQlCzz4xy0RpuaojXp7KTSCj7qTb6lCxpHx3j/f1goYBXD+6iut1wT0pdeS4IfFRMhAfVc5rKjuaXkuqL2kXginE6yo0QKFhfCFbdS5n7oukg4J25b/Ctg38xmCDEMFdUCBQC80TgYkxLj8hHLd791mdZik/rkJ55Qrk7YpNvFdwMd1GhTb8ZlWmGIp2sfzBYyUANFadC+gjZIGFaSclTuWuHN07lOHWZpvhkKfonxme5fEXtICBnx/oqXPdvg1XCrDWhHWz7PIuS1F8VrILpTwc/MngqlUX7xKmuVQjMCYEnxWTOBYs4uk1XEyvFpytkL39eC7iKFJSLZmjLH8fvChj8Un9DWXklGvbzgoWJTcmiJtb7BcG/E/wJA2NYly8E1iEgr8T7RYj74saXKr+nnWdG0Re5fRRKeTwMSFXdqx1s+zqLQgVyXD8sWKgL786L+rp4XacQKAQGReDr4upaCIjY+YAuR1KKT5foXnpuIW28KKo2SbxPEuLytcFDKzzGc7VgCpgxin+fEr0uBqt89YcHn0xp4DXWg0HAOqsJpiZs9w9Wfhf919KacDCAtDTRc3EewjFBWagrr0A1gW0J3J5OY91+SLDCPaIMfjT4wT1duy5TCBQC40CA0eoZwdo8vHfXQyrFpzuEhV4RcOTLZFiLq6nopNeAPjNjIRr2I4KF2k2JCD02TWER3zylgddYDwqBLLP+5THr2wYT8pBEe2GlRdshoGIjDBWG4EGrfl3b4TeGb2s0rWiP6qUqNsnHaq1c7RgmWGMoBAqBjRC4fnxLGLgQcEVMOAU6pVJ82oVX/g5hXDjbckNCjTUfFqx4wJiI0kMJkwQ8NVK++l+DrzS1gdd4DwYBio3cBIVKPjU489EAoNLYuYNBYr+JChXk0WFQ4t1R/KVyd/bDtO+jxeyfD5Z/9U/BwhEZrYoKgULgMBG4Zkz7T4NFQ0lbUMCkcyrFZ3+IhVmIS5ZUexS8jOlJ/I01SxnbMdHHxmB+OZjSM8XGfVm+Gu4vGROwNZZCoIGAfDll6vWNeWPwG4LTlc9rMbXQ0r5vrtAn5b917qboNPOj+h5LXW97BDQe5N0Rv6+xtOTlZwZrO1BUCBQCh42AAjRSLW4S/Gt9QVGKz+5IXzkOfVXwsmfHGcUp6iKtP4/vjI3EVXMtGp8Sr1OjG8WAfzVYftRnTm3wNd6DQYDBg5dXGCbLtvWWOz9JkRPhWkWXReBz4lfeAN6yvwquvI/pPSFfFEP+/uC06N47Puu/U1QIFAKFAAS0dmAYuUewwl+9USk+u0EtNpnS0MzdYc3VI0LTT314xkospk8J/qbgKSo9cP2zYLHhCkcUFQJjRIBxQcEQlu0bLAaoN5bqg+jvg1cZTcY4l77G9ANxIQVWFIH4mWDK4hC9zPqa7xyvwxPPGMW7I2d0Sk2w53g/ak6FwBgRuBiDUklYxFHvOZql+Gz3SOgkK9ziWo3D/iU+80BMocfA+RjnNy42Jh6fKZKwCYrbw4OFGBYVAmNEQCll1u4PCs6eWKzeWdHthfGZZ+PQydrJACP0VuGXpwcr/lI0HQQ0GOXdfL9gRr9zwX85neHXSAuBQqBHBB4f17pTsCI1qrn1TqX4bA65Mqk008TsLfH5QvAdNz/FoN8UMvKewVyLSutOlRQz+LfgspZP9Q7Of9z6cilhT4AX7pNkDdGUEfXu3h8Z7ArAEJZ5xoQ8fGfwc0c2xhrOegR4MRWbuHEwhZV3Tqf1okKgECgE1iGgobQ9UQrIxw0FUyk+ZyP/BfEV9cUl1yap0KYCxW+effjg3xB2oHEil+JUlLR1oAmFIVR+cnAlxw7+aNUAViAg9+9vgiVtNj3DviovjYcDqQDJW3xoZC21pv7nYk3itT1EHKZ631XTc8/eNZh3RzVQzUaLCoFCoBA4DQFGP8Y/hverDwlVKT7r0Zd4zAK5HI6iOtu5YDHMYydj/ZLgOwdLEJ4yqYrlhXlFsLLARYXAGBFgyfro4I8MXu5L8pr4m9w0ld2uOMbBdzQmlReF+PE2/26w3ltVirojsDs4LWX9R4KVEhe2+YRgOa5FhUAhUAhsgsAN40sMf6J15HAOSqX4rIafcPIrwUeNf/PyqFTj71Ogkxgkq9x1gudgUVV6+xOD371D8G8d575nsIpSJZh1CPRMT505PEK4NAReJsYS76QNQIjQ3EnPMrHc7xIsd4e3gDesaBoIPDSGKSRT+XX9NR4cPJX9bxoI1ygLgfkjIEJHqWpe/o8IZgAclErxuTz8OscKo8peG76h74CY9P8a9G5tdnGVMmxSFIXP2OyQ0X/rk2KEijE8cLH5djFgoUea6iXdJz6oSlRUCGyCANf9SbBmbDw+q0heIJIMPtd8CGFsKnmpYKcDtyIkT9wEwPrOKBDQXFQ4CsVcpVLenSk2tx4FmDWIQuDAEVDcR3VTFXg/JXgURbVK8bnsU2nR/8Pg9CrouXGXxeI/hedXSIl8HommlIS5ECuxe/L+HU1IU71zK84t1PGWHV2zTjsvBJSppvBY6F+7YmrXi7+9cvF3DU3/ekbTF7b37cFfHnyl4OcHnw/+gxnNce5TIZRcCNY7yX37lsV9nPu8a36FQCHQHQL/HKe2P2ijokXBKKgUn7ffBkqPktRZxIB3R2GAMffkaT5EBA6V274rWIjCXEjHb82txJf/UQeT8kIqq7iO7h//0ISyqBA47Rnx3n1N8DrvhpAhxTn+I1i42xyIV8C8rx/8umBl5s/PYWIHNAftDXjoRDjowaPZbimsB/QA1FQLgY4QUOBH9V3pA/a+0VApPpfeCmFOJ8GZcEw4ETI2peZ5vx/jvRhMwJoTya0Susea3AVJtlPmW0lWQpzkXXXm0+unH8VRFxeuc84CgQ+NWShiQFg8rTxnVnSbQ+PSCzHXmwTb1Kw5SlGL4S6aBgLCThhzFL2x11nvKDxFhUAhUAi0gQB5VASESABy1aioFJ8rXOEWcUeeE/yOizvD06OKzRRKVefDxCuiyo6GiXMiTR4/LbiLggZyLO4aTOkR0ihEiYUC/Xqw0A8kzv295gRqzaVVBHg6GE6Er1Fq1pFqhJI8lXO+basj6OdkGgfzfiqWwhigYqRwqKJpISAMUSuGPw/WU+PnpjX8Gm0hUAiMHAE58qIAeHl4e0ZHh674PGax+Debkt40/jaV8LZ8oAjnhCkK3FxIbo3Kap/X8uasYtvdgt+5AdST4/O5xu+/HZ8/YfG7hPR3mAuoNY9WEXhWnE2lx03il+WpKYAgUdwzOAU6ikGqzEZQVpmNIYKnoCp7TeHuvX2MjEca6ion/rJg+Z9T2+OmhXiNthA4TAQYUrSA+elgrVRGSYes+KQFNm8MAVeDzwujvFPrB8XbQ6vWN2QudBQTUR2LQqIcbht0Lk5ySXDmV/DyCKFTelhvkSYR7Jq9gtSgn1LYYxt41TlOR4BCrpCIhE2Kz1mUpayvG1/8vbO+PPD/5SoJUTgKFsb31GC9d8ZIt4lBCVHOinnG6N1GvPf2uDRc/Ht81p/NWon93Xcxj/9/Nz7n+Zr/c05/d9//dXENoWKu49zWlvROS+pFelYo46pi5Pstrqmcq2IYXdPt4wIPChaS+LPBQtt2bW0A4xsEC5OD05sW86UQwxRO/o4+LNiaCavE308Y573x2d/87njH+ukYGHpP/D/vQ8oqeUze06bR0t/ymsbR/Jy/e/fcr7yvOW7jaT5DxpPPh2Pzd9dz/xkb3VcGNMd5v2Hhe76T13CsawgF1YeuqBCYKwLkNWvOS4IV2hotHaLiIyzF4tcMC7OIic//s9HeqfUDO4l/CdmSmDoXskEQKBSc2JdUglO1LauzCfEQyqZan/u+il4df7R5Jynv6oUuKgQSAc+OZ5QwexalsOZ7KeSddUzf/5erJNeDd4Ag9+PBSlG3UVBEfh6cnJeAKZHexpjKBgFTcRbv+7LgqtgMYXsdETgpHduQe8ewsit97GLsux7veYCBuRKKU8D2k+CcuPipYI2/UzRgQaCmGKRgzZMo9DCx1RxXqLb1y7P2+mDPqWv6iR3/5sbPo8U1U5loKgXm6O+uZwybEKVwn73U9V+wuOYm19v0O5TQfQUyis66cvWnjcP9bspb+ZwvK2fO4W8ZaSCU1r3yXFCsKVvw8dnf/fTdLJqS99W98m5QuDw3ru2+e6a8L44xF4owpdZ55dOy2Nt/KcuqU/JS+ykXto21IE5TNEMERAYolMKTfDz2+R2a4kPpseFduXFjWOb0nLB5TJEsSHPKQRE+REkhXKiytw8R3LyMFnjCziODNeE7i1hnPStJQpOql8VZqB3O/y3uFAQFUIQOnUUa78oZJJRk1cizjunr/yomUkwYCCSk8oDKA0k6Fx/SE0J54elKwcx39D3zruReQkmRN9ekVcoJ41N6CHyX4EbYXSbvLYXsUMm9+YClyVMqCKPw01+OgkOw1u/M/UC82HpmEHKftvjfumdPSPHJoQI88nmL6Ni1CuRV4tiMXPAOMuhRcijD3lHPTSo+FNurBR8vnqtlWIzB91M5boaAO5YX0z7bDAu3JtjD0zuaCjXlS7GXzIlMb5oS/y8e+f2o4V0eAcVt5Ji717sYBXrH9JAUn1VKjwpeyiSr6DVFUobUwnbzKQ5+xZgpPEIyKCvfu8ecPjyOJUTpEmyxJdxtmmSXQmrz8hRl1rCiQoB39YeDt/ECalhK6WZJZUHtmgg3Sk0TMAgrSPEFa4U1n3dF8ilhmdBBKGJAYRFmFW/ScmgU5ajZyJlHIvsTOY6gDZ+ifhC4alzmAcHCEwm0qrPx1hUVAn0hwDsk5HQVyQ9cpbgpkrLsyWXAzSJTeS5KE29Uhj3ycJLb7OuUf2HpjvHzf/c14brO2xBITw+l1R4zCToUxccLRhu9VuOuUHYIxhmLPYkbtjTIX47fhbiNrlzgjmASwDSQ1exxF1Jil0eHJd6zLS/n84O3UVpYR1lRk06WnpuzxuX6Xx38IzO6L2fN+VD+b4Nn2bTxLlvhT8NAjsxXBntfeYqW6QviDzZxCgmibNwqmBeGBZV1VuiK3yksNv0MdaLkZGPfzFHwkyLTJB4VSlCGnFn/WPqbXlXvCYWuaBoIMBJ9VrBqlPcOlntSVAjMCQHtOdJ4Y15NRYqgnWtftiLxHeujqA3roEJFmYOnIbm1u+nRnhNWfc9FTvyPBmvloHDKZOhQFB8CBwtoEsGCV2Cqnp6cB1exeXFhT51eFBOgsPCubJuAq6zu+WAKrsXOuQiaFrltKTsN53HbNN+SJ9GMbWfdr4TWbe/A2d+34XlOeCt4GDLngeIsnIfQ71mwvlEYVOhjTeThkAPBq+GnvzV/dywFwTPkeM+h7wjhcC5KLcWBlQtRfpzfpus451Wy2riaORfyLbKKIOtl5nDY0P0uBG6ZKFjL6xPFxFrWJBZRm886UlJUuBS85LZ5V5bPccrh9a+RIeBZU72TAv3HwSpUVnjQyG5SDWdQBBhAGYiaOV0UJPuGvUIRCmTN5iXlRToJthcwHvxFcB/FRwYFac+LPyiOF3FEvpEqIhdtMnQIik+WnM2b4mEXBz3VnJ7mwyX+fTmefjIPX2OgPCw8LcI1nrjlBITVKFRA2ORlIdgtW7s3PaW8olctfZkwvEowXXVOVnpVvpJYp+ZUdGJTHPN7FA0bUCoChDaLZMaH++l3G1RWQ8oqTzYvSk2z7Hha7oT3rCJKQDPs6rTxZhgYRZeyehRsbXA9se6Ukvxss/RZyEYmk1NYGBw8a8JoHet9pHSzwHsvhU0iChMslJzXx6drYoljKeU5FYr29GC5O0XTRsDzxrgif0epWIVaigqBQmA3BBharZGKgdhTrONHwbne24usn/YC+XJ+5zWyBzBMqXh5iKSK6U8t5n/tKQIwd8UntdK8Nx5cce5zKU3MApzhMVN8/oyZBZ3VgBVa2MY2JEHSoiU8TrWe0xpIbnJeL3OzNLFCGJksvMnxmuE23ehjU3wkpss3eUTwro0L3SNKg+dOIqN3ijeB0ugzJUYpWrRKMReL3Uxqt3lk41jHUIbc12YeSWJvw1lXjesa8T9WvVSmbGKuo1qjTY01TzneLH3suaPk8hLx7BhHVvmzyWUFKyFo5vnMYAUKeHS2JUqSzbPLUtZ6J1BueIAp6nLc1sXdbzv++v5wCChYIFTSOpTl9zdV7ocbdV25EJg+AgxgjFXWbnu5fY+gTzHKCnn2FfuGpp3WXUYm++Bcw+kyx5Xsyag5SQfCnBUfbs3mTSEQ3TpYXPsciLXiccGSBKdMF2PwQpHkX22ai/OZ8V2eFVZ0QsHtWgJguZqbSiUP3eLc4uybRRnG1KyyWVKZIJ7u/ub0PiV+yTwSHgtCPgWCMtMs753HUBYorZQUZVMt+NjnVFwIaTaHbUg1Iu9vVhryjNt0hJ8Zo/Ebl+dGDgzlxSal2lqSJPwMFbvY+Lv+XZt68BwmXNE64hqet22JosWr1KyCtO051n2fQvZNwcI64f6SYM9clZ1tC+HhzkNJ5wX33k2iROxwUNWVC4HBELhpXJlxzb4k9FkKhfBoe5UoATKN/eYkOKssGqzoAdEkGbHzpMVxacwWhTC2dfyBMabzwZMqZLDqyZiz4kMoU7wgSUO+uRQBMCdhYXcIbuYurbrHY/7b3WNwOooLEdtUIaXoCI0TBsUas+lxZ+HwQfEFbu2kzPMQwrQpCWlSYSlJDOxDNj244+/ppEzxT1LpjqdGI8cPCW4mh/qOfBBzF17DrZ8/KQC7eExtCK5nzckEf4s/AY/QzoLmM8ry7DkGf1P+2KbgvqTXaNexNGA486NngjfpS4ObYYxnHrj4QoYF8Co1S6Rvevyq7xGIVXKkkFrnKP4Vk74PouM51rPGcEDx/6VgRp6iQqAQmCYCqgZb978smMGOMS+r2dn/fGa8E0nRTFvIcuNmLQ9JPp9cztPyObtEiEGXYXdyhQxWgTJXxecxMdlm+WLaM8FrTkTxUQ3qiyY8KeFENnfzOItY2+VP8EIQiJW+brM4Rb7YOQ7x86u8HKeNc7kinEXqTmdNrKP/w0c+ANe8EDeK3TKxJPNGyBnAPm/jEeEdyrA2OTkWcCFwPDQ+W/RVQkuiuPDEIFajLAQB61Q6T+IzHgO9MAbx2cHyyCSR70L5XAnHhMcuBFMFChhvWBXdK97eS3Y5WR0zSgSE6v5ksHstrJKgVFQIFAKHjYAQOx4lxmE/UeZD94XMk+NCtw9mkMm+UH1du5PrzFHx+YxASix0zk38JUsz6/Cc6LtjMoSgtsK8+saGUElY3qSho1wFL5/wLEIoT1HbxKLSzOfZxVvDlS0mP6mPEBWWYV4/1+W5gWmzQa/KdhSU5f4IZxVtSEszrykrtDhn16Gs8szwNmQ3eXk38nR4bnhj/JQbQ9hHfvp9SpS9dyhq8pd2JRW3hEN43uXhbEOPii/DXCy1qjmqyT16mxPUd0ePgPeM95WRxU/KbTZ8HP3ga4CFQCHQKwK8LmQT+68c9q4jShhjRDvICZbDPAuam+LDpUgAEzaDCGBiLyUlz4089CzrU0xgZr2WBHjn4NO6svMWUCauGUyA5w7uokmZ94ALutl12sKyrQCSHoJ81lR0Y7FpiyghLMMqoclvWU60f1n8jaDOkyK3RsLluWAljZHQtcztIdhnA99Uarw3y0K+ohPeI/HGikdkMQKhhjxvc6RsYivEYN/iITxbnt9vDX74BmCpxkZBEsrmPrKyqdJWNC8EWFC9l9YZIZTNoirzmmnNphAoBNpGQCEbSo+8ZL0KyUltk9LeokWeEqw34WxobooP4axZXk/OhYSsORKPD4FVMvPUSLK7e3VahSwhQvcKJnRTkLYtc70NJpLD5Q4lCbviPdmWfiEOaFam28dKwmvDU3AcLCdGqFrm4UiWtNCpSqYCGgGZkpMkPpiCRJGBm995PCk9TeXOPPUs4LFRMU0omlyaprdmWwym/n333bPp3aJ88NjsQ+6VOG7n8nysIjlr8tV4q4VvMtQoyz6H/lz7YDfHYxmqeHa8m3JOtymeMkc8ak6FQCGwGwIiOYQ8K23PcGvPaCsiIHtfijpgJJ0VzUnxEQKl1F6SfJBtyyNP6eZSfNDUHkp9TMSrCtFaFf4k3EzyvHLDui4TCNeVMG7rfvEiZa6Kc7KkcCdvS/KVKBxJxp+9XM46lyp94mf1FbhhsPCyJFZ/zMNCyTFeSpDv83Iau5Ao4Ww8nEkS6lNZEv5JqM9wPhXAmmM9a3yH8n+KBy8PrwsP3j4keTVDbCmdkluTKNtCCOQQuU/ydoQ5eWaK5oeA+/19wUJMGeSUlC8qBAqBQmBfBBj75bXbS/SVs7bsWsiLkc4eJB+VIvXIfQc3xuPnoviwlFJ0kggvLORzy+tpPkMUHxq/IgdTIcl5BDwhP0J/lkkfHcUaCIiUWHk9XdNymBsPE8FXov+2tKz4yBtaVW5cJTXeLkoRhUXoWhLPDW8O5Y83Ro6aXC6KkZLfwqb0Lkr6P/FByJpjLHoUJD8dz4ujHHPmuentwouE1o2tceqD+yhMUIlojXA1xd2XKE+8fnKheN0onkJUJa5noQdVAJveun2vWcePC4FvjOEoi8+DSOGRp1VUCBQCuyNA5rEXMhQVXRaBx8avwtIY3cjEQu1VQt2EGElFO2gNoWJwH/LXJuNq/TtzUHxoqBSdLAUoj2GdN6F1AAc8oQ2VV+A+A45h20ur3oVUG2uSinuS4r1wlB9Kz6Y9fbYdw/L3WTWauRfyZCgZuxCvSrP8LMXFXFliKDryZ5rVmuR/EHqFNlFWKCo8PvJ3KF9Z3tlYjEvok3OmcnNaXO/943tp9ck5seQ4N9q2OesueEzpmB+PwfIuCkcTltYGMU7os0PxIfgim9E3BysLWjRfBAgg54J586wx4uSLCoFCYHME7KUMofZjgvxRYx1lUJJ/UrQaAa0rtLAgH8vHPYvkU1N6eKTbCPE+63qD/n8Oik/GIgKSZivRJsDH0wAAIABJREFUi2V77sR6KGxJoYApEAGQIEjwbvYceVj8TjCgsFIKntPzZJb7PS2Pb5vhKGbQFJp5HLNmv/Pwwgjvo+Bobsa7cNXgLLUuUVHejjwb3/H9LCawzTh4kihF3m/eHpac/w6mOGWJ7lJ83o6o0ADKCG8kxXNfgjdrpBw195mCq+re1Crb7YvDIR5vPVbGnjHuXLCQ0qJCoBBYjQDjLeWGd1zLCjKN/FaGIrnAJ8H2SII5Y6h1tcr4n/002XfIH3IJz+pFSP4gk5EXhMpny4mzrzLRb0xd8ZEoKmckyQvxdRO9F9sOm0VfmdupVANidWCBkMiN5KM8P5iiQMDnFdm2itq2mC1/nzcme8n43y7NuYTv6ZnDy8jFbMFJMh99cSzcQugypE1pYiWeKTiqr/HiwKCt0EwbhDBIJAw0E/RVKZM7hVzX83Po5J5dCN63ghuPHg+bcuIMMDYSSqZ7v2lFt0O/F1OevxzTrwpWzEK1tq7LzE4Zqxr7YSHAuGn/s0bKdRT5oEl17pUMfvZCnnF5lSInFPT5+mCKkNxWHgwh3UWbIUC2Z+wU6q4a6zoSas84QyZxX+yDs6cpKz4s6V6YtKgfWs4Cy6LGn5Jmx07c0hYyygGhnLIg/IqFhyeorUok2+JAEbOgIsKqHAzW+XXEOsXtbjGWK2NOSY6jVFjQkyh7FBreFZ4cHgUeyi4J1tkvRkW3Zg4Yy09uNkILCemHTIo7yMuicHomede2Iflbnl8GGKGKzw2Wz5EbtPtvo/fcn/ZcbXPN+u64EHC/5WkJE+Hh07urqBA4BASEYzPAyjvNCq32UHtps3qotZEQLtSdF4fBU0SD8OJlsg57h7LMu4plRbshAHMFvtZVJpVSICTXPVEk6WBoyopPU8Bzg1lX//Jg7tylvT1Yq3fNR+kLKuNjUWABVVpcV3KLGeFQkv5QJXspAKyz2dhzVQUToWiEYwomy312TrZQKB9J6c4GrNzD8swkXSYJeblTX0DHdZT9Vt4SEbptHunmNt+my3ufUts9TqmzS7Fu8cqwRIolp4hvSkp8Mjjk5qzyDYtlkzwLueFnfs+m56/vjR8BSi5vtZLwlJ+fGP+Qa4SFwE4IUGZEDoguEYbG8JeCshw2nhpGI2upNAN7I0OA0O9tSASC9gyiESTlO3fR7gjAT3rBd644xY/F33ioD81h8FYopqr42HCaL9Wc+/Wse+zFxYp33bRc8u6vz35H/l0cTsGQ48DSI2E/ExM3rTay3whWH62IQoYJElBZ7y28vCCUnY8JzmaflAjJlYjCJiROgQGeHAu+z0h/jrs1Lud3DSn7IC7t1wTnOy38jnCWlE058/c+x9bH/Le5BiWWwEoZ9B41cVp3Hs+KEueeE0qud89zvI6Uqtb1Wl6PqnxF00dA2VhChKRq3lvFMA7J2Db9O1gzOAsBxj57tYgSodkUHcZBQrRnXVj2xWCl2dsieZVye3mO2qqo2dbYpnwe+5T7pu1Fk0SfMPyJeDlIj9pUFR8WhbTUZ+WsKT+gu4ydAPaEYDGaYyVCAmsoz9T3B7OCExiH7mEh/0XycfP5V0KbIMxqlW56Cg7LlXAoOTln5eEQdAm8ScpBnuvp5rDcZI+eVZ3gedvON8bC89asMNfTMAe/DC+dMIssBX9aY1yhizxoPH6U38cHb9o3i2Ag9KlCCge/5XsPwHvl/aH8UnblbFkXigqBKSOgCIvcWsKvaAY5r4yRCuLwhj8vWBXKZW92W3PmNVfeX7QOo5310t5V1A4C8qUYcJs9Aa1bH7HA+gfbucz0zjJVxYdwmmNnhds2Nn96d+ryI/YwPzuYdWaMpAoLq7p7xXOiLw5vT9/3inXfgs51zpvD8yG3qEkUaU1BJVEq+SwPp1n0YFN8FdqQ75EkzE24W9ekVO7tFhdRUIHALvyzSfIQeEaT/L7KBd71WIc+f/Y2Ep4mvHEVsejrt0Lg9bxS3lnHtiFx6nLAnEceUNH0EDiKIT80OBUe+Qz6ZhUVAlNEQEivnA/PM+8Ksl8w8FHo7V9dezApWxQqXggynH1XEYOuc1+neL/2GbNUCLJHenV41RjhGP7sb9uGIe4zltEdO1XFxwZEaPGittFocHQ3ZsMBqdYx1jAaeTAUDD9ZdfoqYGBxZ8UidLJiNctJg5Xr1+KLWPH1DmorllgCe24ozr9PaewNH4ErfGF8kQKMKDvmf3HFwcsen/vFd4b2vG06x7a+p8KeJFye0q9dOimlWKKnQgQ8k7x3vDsUpV2I4kzhvlXj/uxynjpmGASeGpdlxODpVSlU7kFRITAVBISsMTQyvvFua+jO+Mh7Q+iVkyYMvS/i3WFA0rxbTtCzguWYFLWPAA8e2Vj+NLwpOhQgIf0ihKxpB01TVXwO+qY1Js9tKeRtTERAULQAyZ2Qa9IVEVYpOZj7Nks15/XkV4hnVdVEmBoWtpbjO47PbVZhaoZgLle26QID878YnKF5wgizaeny9SifclSS9K2R+HgoJGRDgm6zqAOvpDBMCg7hgCFBaNv5FkCxyVCgNm0g18Il6xQtIMAT6HmwdjCuCVctKgTGjIA+LNYaUQ0MYfI9rT/2ILmslAyelb5J/qRG6xQwUR9yYu1P9U51dyfgrfiOcEVeHs+D3ym81+3ustM6cyk+07pfy6Mdk+LDwkTJ8ExZcLlV26o4x3MkpE/RAYu7ymlNJYfCQVBJlz3l6zdX3FreHVYuY6TwHLd4+3mRWNSSsnlYi5e4zKkI7fLbsuiC0qCnlTYX5ia8LYkHqBn61tU4x3BeG+3tg5VTFU8uDED4GWuY3C4VbuTktBnL7h1Q1COr/o0BhxrDegSetHhGeH8pv/J4igqBMSKQbRU0a5ekLnJBfqq8HN5se+9QRNjW00q0gzHZoyhe9xlqQAd0XT0S7WWqt4o2EGatAAvvdYbCHxAc66dais+0HwNNp+SwDEmqvrAqUXIoHoR/1dGEDO3acIyFiKXCT96ZZriaRZ6Sk+Uynxaf4bAJZTUTihIrWZvxzKwqzcX9b+P3ZlLhJuPb5jvmfJXFAfCgCJ1WJY+3h9cn6VA8PsL5zNUG/BvBwgAURpF/9pjgLkIweWGFExxq4ZVtnuOhv8urw1PKYi48JBssDz2uun4hkAhQboRu2wsJtELF7F2814rUDE3Ch78h+BbBSvwzHlDAHh6siFBR9wgowKMynmdDOBv8KaHyeJuRHt2PZAJXKMVnAjfplCHKWVCZq00BfhtEdGQmVBLCeRt4H9TxV51FFbeziOeGF+emwfJx/E4ASbKAypuRUKzPihLMu5JrZCOvLhLOeZKa+VbK3Vp4uiB9DvLcPBbCtIQ2nEbuUzOnh5LWhdDfxXx3Pecd4kBV2yiE1jpKs1hnPaW6rMqlaayNR1ilnKui8SFA6dXATwjOhWDPSlEhMAYE7IW8ORpRi2xgQGG0s56sa0Y5xLh5STUAp+yIcPitYPsKA1NRfwhk/q4c3+Ng+VuMohRRId5FSwiU4jPtR+LiYqFRiaxPothIVLQonw/OvBLWBgIlN/cyycFRWtGCrrIMT1WGafkuT9FJsFhkYVu/0PKEjEsFQGOkKBCC2yIeLot+k7qqkQ8b7mtEoGfdyT5Cp81HMr8eCUnCvWxccySWUZ7Ao8XkhLhR8vZRnLfBCc7wpmCVtW0b5Lr/LgsoL4+mssJdeZbbKm7S/ejrCnNCwNotdNs+yOhnPVdlDUlMFyI2piqCN4zxKEhAoNbUFP1iMCMCg2dRvwjw/qncdry4rKJfmDFUDyZRDUUrECjFZ9qPBeFa/gIXZ19EWOB2Z4HiRXn94sIKGbBuEyQ8V9zznxIs7EdFGVahpH+MDzw4ig0obdn14q74gZr2qIsyznJDKHVNkjPC/d8mKa3bzD3g3obfJqSEqZDEpDlWG2PBd38l9yKCBCWbpbRP8mwrPEFQ8IwXDY+AUFxrACFTYz8C3BAJ38MjUSPoGwFVteS7iM6wLx4tnkNhYCIalHJmhBIqPjYyVvm1ojsoZ6I7vDdPD64iBcPdraxQmiOQxyNMV4j1siwy3ChHeuVSfEZ6YzYcFgu2B72PRlSSwVU8Up5a2JRESlVCeHfU5OeebxKLlaaaLKsKHyjzzIvDO0Qw7JOMRVI7y+77tnxhcyNILZPeBG3eF9XxfrZxkR+Iz/fcYi4UgKYXze9zcINTtlm5KBlywSjVVwqW4OmZ7DKkbR38PEyEBM/+cj+lLW5ZfbUFBBQ0ofCzrmuSyFs6ZPJ3C1OqU4wUAZ5/RVSsPyzuLPIqbgoDs2+qavb8YAr4GJWchNU7o4cZxYbBUk6kdfXOwWMKtRvpY9DpsCicmqS7J8h9YdiTu2qda/YR7HQgUz55KT5TvnuXlorkTWnbs9BEhUtblTSJ+lyn/xS8rOQQ7nh+hBOxcPMGGRshw+KvbwBBfQh3uI0oLVPG9L0t33KbmUIJBG35AkkUFV6wNkjTVbjmYud+EOS2IVa7Zuw1q9CYN9+z5nZJfIGFS8U/z56wEIqPXDOufpZVivcQJFzF2vpeQ1y8rvlWBKxRPKRCiTwflONmqGfBVAjsioC1nUdXQRlrsz3O2iyMmpGNgY2RiaFqSmusCBKFCihqlDfh54xrPDw8U0XDIWC/d3+ymJWKoXcLvnewvU60w+OHG960rlyKz7Tu1/JoudAl5dL226TjxTkJkcseEon1vEzyigjg4uUlYWZRgrvH5/R0eFEllw+h8CQeWf3MptQsnNAGXpQoCw/i9Wm6mNtqXkqZUrhAqAQyH0qoynTbEEuQqlVJ8pwosVMioX1CLnjZhLHxOso3Y8HP3Ce5W3K5hir4AU+GANcnEBX1j4CSrtYuzwLBrQSC/u/BHK7Im6yyKMGSgmPNtB/y3uj5hSk41lVe3qmSynCKFPBOCb+j2NkbhvCWTxXDrsZNAZXKkL0HGfWU21cxj0LKIyd6QwpC0YYIlOKzIVAj/RoBkOWb9WkfUo2MAK/BowW+SRZ33ppsAEqBSNKg7GeCxS4ra61+P5LwyLuyKgRsn3Fue2xT2G+7fDMvD4+CzYKLmfVPyF8SoVc1nn3IuXmUUoCm7LD47KKwCItkIUJd9xjaZ87Lx5q7IgHc+5Q/QodnnsKdpLCEMBNeNzlmPIxDkWo6lFNhhDakov4QeGxc6uuCszeT6npFhcBZCMhDlbBv/baOeIffPdg6qSWDddyeRhFgzBs7ZRNT8p2QO7m2jH6UNh5yhjRGS2FSGjgje4pKrOfHPrkDGh9jnn1PyDRSKZbM5dkUVcOzyMiXedYHBM1+Uy3FZz/8xnA0j4oKXduShZDCQjhoCuyZI+FlkgC/Lh9HHLANQb8awrgFVagbb8++Av+2c1n3fe55uUXcwuZ7Wp+bba95EgcIA7RhsARKUG2Gn1Em9dfZhxR90GQT8SLYwJarx216/ixK4fuUWYramElVNPlghBBzV0DiLsHNcD2KEO+j/C3Wffjvik9bWNiYhN3Jh2sqZ22dv85zeQQYbaw99jP5EzzQRYXAMgIfFX+g2Hx5sHVVc2H72P8EW8cZ6tLA9+wRwKdqqjWf4EtZuXmwvcbvlDVFXITYee6zoMs6mY7R7I2LOfESNL9n3ox3IjNWNf4eARQHNQTKjnYIWRDKfVPUiAGaYUfhJJE38lqLdkCgFJ8dQBvZIS+J8aiutimxoGvYR+nJ0C+KikVP6JzGoxLoVD1aR7xCEuryxfSSauA5VE7FqnHqD5TVvB4Un89vCtAG32sqESxqXM6ayTUFLpaYP9ngXOu+kpXB8v9ieLm4dyWJ3dlQdZccoV2vu81xlAa5GIQT3i6ekwvBqxQIIYDCySiYLPyUdInDQ5NnTQlrIajGXtQdAnqGPDiYAEt4U7mtrJ/d4T2lMzPoCQ+Ss0K5EZGQ5aL/LD4zkDCa6HmiB9tQJEdXxU25aEeLsV4xfjL2ZE7nurFRZni5rX+Me/ZfShxvs8gMc8xCHox0QkAzOkQkAWMSw5IQbfmIGU7tHXJuexAhvKgfBOzP5Aihlcjzai9Rgh9RTu1zjDz37WdI87xKKT7Tvq8WRh4XC/tZREAnJMiTSNLrRHia8tTCiWwI4ppXJTJajMXLE0wlkSPHejHH2J3ZJqAyTdthXTYqArd3R5ifTQvZVJrKIu8DBWMXWlainFuRhn3Ixpj3Tc6DCj1jIZYsijjPoQ2fS99815U5pxT9TTClxwbt+f31kUzmQoxD+MgUc6hGAuGZw2D55ulm5bb+UZjLUn0mbLP8gn1JGLNcHF4cXhKhQDwkohesJReDhaoNWWhA2KvQ9ONgigZFTJSEtWyZCLzCmCg19lbhdhQV4xfGyyC0qYKv8qpeL4yVqRQJebbXr6KnxB/l+zCK+o6Q7qLuEfB8NptdU1rtgZRzJJeMMde+be0r2gOBUnz2AG8EhxLs1f9vhqotD4sVQX6HuF/EEvQ9wbwHkhgpQxY54SKrqh6pzHYuWFUwm4rjbSwS+1lcx0hwSe/TI+Lz/VocJMuyDcymavNKOh8fdFBOUnGM52xbaubiOJbw73r7UjPM705xMpvhkEQxhJm8MqSCkNA2nsPTiLJDmMkQFZt0s8z3kHNy7YvBrKrCUdoMrRx6XmO5vth2FlHhH4wurJ9Fh4GAiARedWsHD4b9CFECeC8oBtbnzDUdAhUWed5+46SYM+ZQztaRCpCUd8URCLcKDTDq7EvXixOoZupd4RGyF2U+z6pzMx4whPKeKlwkwmDosOF9MRj78e4N+St7HxovRfcewTyRSdY8oY1ksOo91sJdLcWnBRAHPIV4T4LfqiRqG4My16peIZ6P7w6mCAgJkThnQc4Qt+Y0LNwEd8UBfEaES6FjBFPWpzE3ybq4mKMFX1WU7IbdnOMunymHWQ6bl0FeTxJMXTeJUMaLtg1Z7Hg+kgh3FNd9O8sr7UtZSBqylLUGoyy0QisoBnIy/G2TTVYoBiEhw1YkJA9ZyGDVveUtzSTibe59ffd0BLKComdGgnmF4Mz7iTkX0+NB52E/ChbayhtMMCQI2reG9OIQTnlDRFL4ycPLILiOrOG8UAxZxs6zsqnXZps7bd8RmZG9zIShq7S6juzxjG3GL9KAl4FRr6g7BBhIbxcsNzVJjpmKpWS0JrkX5AApCEUtIVCKT0tADnQaIUKEQdaZJqmoxquTpFqLOFEuc4KiUBEbyGcHKwmcRImySHKpJrkGJUnSJ+uEJDu5PUKnxkisgBYLz7YyozxWbZCO7xQoeDdD3Jrnblr4tw1PuxgnojwlCeGS62KT35fEu9sAk/purMn6CI/0XLk/xrONJ46yo6qSDR3O8trGWMJTGIpNLA0G+967Qz+egKBgijWHVd/vZfWcz1ORTT8VHmABl3Mi/IuS4H0/CbZnDeGhFh7GwGU/VAxGfixj4WlyEwXH3iqn0rgpOIw1XZOSx0KlKF9C5Hh7TgtnFib/imBtF4SJKpA0ZChg1/gMfX4GzW8KZoRs9vuTB0x+k6vdJLKAe6phLC9iUYsIlOLTIpgDnIrHgYKTFWhUveKV4BZFBH/WBS8XawJB04bC4p7hADwKFj3CMS8RoiApgKABZyZ+Evgd+9TFdweY7kaXtNEQjsQzs5K0ETbgwlm1TfUwsdm8Scuk1LL/IYmhTUVm3eBtQJQbG3+TLJJN5XWjya/50mPi76yAqO2cp9PG5XnDGeoBQ8qz5NttyHMphCW9RJ5VIZ5jJFZp8zwe4+AmNCYWaJs+QcEzS3BoqyHwhGCY1VBVU8vecB8RnzNcVZVJUQQEcBURf63nWTMAip6QI2RMy73rlodj7afg2FcxbzWvSd8kVP3bgikvjFnChc2j2a9teUw8aJRIUSI8TmSBIZTKvrHq+3r2rONghuJrBTeVHUoxo53/rcqnFvItjeB8sH49RS0jUIpPy4D2fDpJ9ixSrFE8M9mDh8BA2GUxUMxACBVLkBjerw9mkVYKUZIja0JWd/MSUhwoPcvkZVRdi0Vulz4yfUBDOeMW9lO8NM9WG6TijvAERGHMfjjL5878H3+XY5QK6LoxeP8kkFoYm0SBbbPLvDBFmySy2fGadEWECCGWWeHO9Xh7stHrttclILHwe34ps+Yxhuptq+ZBiSUUefdgULQbAow1hAJeVvf683c7TR01EAL2I/sLA5RyzNYbazJlgYJDQHdf28pn2WaacsKsUfYxfJb3hlLGY2P9p+TYU4emL4kBiODgVeb9toeIbFgXLuw9Ek5M6TwKts9T1IS9F7WDAFytWcfBQh89V/lsid4gqwnrPi3s0Eh+Mth6x3vXtwGgHSQmcJZSfCZwk04ZIs8M6zlLGvI7SwFBkwfBT9YgL5AEOi54CyQrUTNhXrib3B0hbeuI+5wCZTMbK7GOZOljysRJSwMVmsUCvVzQYPn0LG1iphFPkx5C6wj+7kuWBPc9m9i5YMpnm8SSmkrxJgrZLtdmaRRfrviAeVBWhFwuu/C3ObeiHY4nNI2tetuqeRDyVJfbt/T4NhjN6buSwXl1rFmMK6zSEq2LxosAQ4Q8F0YmHnb30Puf+SyMLjygQwhxSssrnsIAtc7YI2SbF5/XXWidn0N4b866w7zdDCr2l+xJJ6qAkWxVGwmeUr3EvEvChClwBO/zwSdnXaz+vxECyqXD0880HjuQ8Qveeu2QtTYNIbT2Cfc82ujq9aWdESjFZ2foBj9QEqJwnyyHKSxKMj2rOIXHhsRSJSyI4MtLwere3AB8j7KwrmxwTtJG4DzCAPZNtO8SOGOjSMhHaqu5F2Uw84SUrpbfs44UktBcDJ3mWVFcgEDXdH9TLHlJ9lEU1o1LxaD0KrWJzVGcV2nsLMPJ20ZpW+cR2+bew1xYpeebYKIfRxv5TtuMYdvvCk+UnLpvD6dtrzuH7zfzEr1D5TEb110lkCl4w7BhbZXvkl4cax3FhsfBnjTEHqGSorBa4WqUL16OJlFweJp4bfS2sf4Kqxs7wf2xwYxA5DXzsG9TeJrE0EkpwsLZCN+8aqI/KpStvbtsj6aAqhybJMRdbiclX17XtqHcFCdGZQpss6R1e6OuM10GgVJ8pvdAsIJy12dVNU2tLPjc3fInfBZyw9IgtO1rg7m5kyz+lwQreLBJ4zYhRpL6hV61IdB2hTgre+YttSV42kzSWiMm9/iMwVu0VBpCFsNVZUyVZGXZab57BHuKqvC8LsiiLKwDCdXI0ua7XutcHOiZIvzIabFgU7pPiy3f5lrNYgxw1ItCqMDYyX31fma/pLGPdyzjY7kmuAqD8n74WTQcAu6B9UjZaIYkBi/vuXeQJftiMKPEqwcaolC6OwQLWaPoKBndJIrXXwT/RrA+KGmMGmi4O13W/m1Py6iBk/hs3xfSjkQMEJhh4LM9RKi1UKnKhdsJ8rUHUT7dDyW/U6FmqKTg+HuzYuq2V3aPGa1VrVyVYrDt+er7GyBQis8GII3kKywMwrgk+XJ766dDKGcJZw2y2KloxsqjDKhym00Pz0n8/rjgbZPlWDFshJL2x1rJzS1idTR/7mWVgvYl7waFQZiAMCsJrzwapxGMCOpIqEcWOshjVDJTSKL53vHKCcVoq+T2qvGlJ8z/TstROgszwg6lyfNn4Rf3ridQm+VPCSkKMcDIM87C3CU2Z815m/8TBI27WaZ0m+MP7bvCI91vns99nstDw62t+bJew56XgHHBc8vDap1TQY9Cal0dWnGw99nLGJasx9b5JHuSsdoLeXKm3NyRp8Z7cBycoVOEayF7QmjlO/K62e8ZMIXmCSPUZmJVsZ0GTPVxSwTs94zIDACUaySE03OmyiRZal8iqzH4kOHcy6KeECjFpyeg97iM3BLCssVPczHCoNhdm5TPFkEWH/k754J9n+cnQ5tY6OReCNk6S3BfHiYvwWuDhTMtu9b3mFLrhwpB4/lC4sxXVUrZ9qIWt0xE5OnatCmeUEPv1bLiw1q3HL4j7ILS03WjS8JBeiEUqdjGskQoooiwLiLhZp4/3sS2SV4QAQx57sSn91EKtq15wJmgoqBI0XoEeEJ5RjXko5R7fwlvRd0gAG9Y633EiEWos+bw4jDU8LDp4cKQcVbYczcjvOxZVcQ6F8yowrsjggF5vxhBhG4rjPDkPgbTwzUodsLuCNj2DlUMRVgQrq2/9nRGuKNguaM862O4Tz1A0+sleDYplhQeCnamEYimofwzXLo3+5L7bf2Tk22v2CTyZt9r1vENBErxGffjwLpOYBZShMSBUmIIzJJ/WYVsCnJwuEv9/waL7xIYCeuqv+xKQq+UZCY0dy2c7zpGx5mrDVJoQ85/n/PB22KHWGLS4rPJOYUcsKIS6LIsKkXhvksHyxXivSN8dE0W63TRC1E765kwfyEU54MzzIXizB3f7PvU1rgpq5SexIv30rM/5mduee7yHXjBVCRjeChajYAQXXlsBAvGBVUmi9pD4HpxKuuKd0qoGqHZPm+/kNyu+SslZ0xkrIxMioMw5KWiw9vEmyNvgvGtTc/yGOYvKoNB0z1ClBr7DYOj94TxzJ5u/xBmWF6d9u8arBk2eZ/tdUmMpyIcYM+71hYxIqqmxzN5VoW3tq5Z51lCoBSfcT4ShHgLPesckjT60GBWITk3YnkJp4RQ3etZ8uTsJEm+k3Oxz0Yhv8WmowRmW7kbXaBt7uKaCck2izYsYbxnikDw3hDQtinfzSKZoYjif23mWekt5+9e+l9f1FR89G2QgL+O3GuYsnbBQYhJF96dvL5rOT/FAbHinusLmBavc7M4F6+Fn10UqGhxqIOdKntsMQ64x2NeVwYDaYsLsxarpkbBIbQR4qw/fxVMgBYeNXSY2rrp8H4fL1geEQOQ9YYnRwgQZWeuRPm0bzMomrd7RhZjOLF/6cs31vs2h3tCvqJwMu5l70LzouwI7e/KGMNAfS5YueraIwZ8kkrxGRD8NZcmFKsHj1iAlJnm9hbWxlKgXDVLkEVT4iMrnpBT1JFmAAAgAElEQVQgZKNTWUwowL4kYe8awZkUv+/5ujg+LZlCOdpI2jdGm04m/28T4pbzkw+UFsvlOfMC8aDxbvRJzVA3CjGvYZNsxBI3KTsUSAL8ueC2mr+um+uF+MdXL/5JyVSWneAzRcrQSIryPgaHKc79rDFbp4RIys2QN7JJY9+zznlI/xfKzIvDm6N0NM+o9T9zcV6xeGfHqiwY6/HiXSf0iVQg7AvDVg1OSJdqk3Mm4U2MmfruIQqPtVYzS4Yf906OUlE3CHhvNHFnJGCYTBJCyHDKSy/0rAtiRL4QbB10fVVWiwZEoBSfAcFfcWmLI6HYRsGD42UkRBEIbQ4sYywFql4px0mQPlqch0tW8YM2KKuTuS5X+1gpK7mxIFPS9hU4Cf9Z4nTXsDnVhPKeNHGzwQmZo7T2TTxWGUYmdJLyjH41OHN3CCEU7gs9DI6VTRhllgT1HNscppTPswwTYwOPI49s0dsREFYpZp5SzaBQFafWPx0MOEpFUw4ISN5ZpZkJyazRPPyMWyIAxiwkS8IXrSBfgieKwEdJM24GKvkNm/Y2mfq7pAob404WuhGuRslRknqqRp6p3BP5ouQo4e/NSpsUHM8hA2DXe47iCDzdrqcFSdEIECjFZwQ3YTEEGxzrF6EwlRgbBkGBtUKyt7Az1nhW+/sHEyaEvQlHajM5mJDO2t9GvkyXCGclN16x5Ryaba8rB0YsrwWSh4QQsktMNau2jc67xWPEA8Cjoqz4UDkr7qXnC1HMPFdCy8zvJJgi1JdAynpNAMqNyGfhYVOp3LbuuZIT5v7q2l10qdCu4MhnBCspLCwr8+YKn0sVfdWcbhXMY2+9UbyGYUSommpdig5MIeTJvWUs48lj3LEvWUt59y4GZwnmQ7jvGoeKuvjcYBUpkSgA4XsMa0XdIsCwd9Ng96Ep35JpKB8MMX0VE5AjdOtgVXZP6//XLSJ19sshUIrPOB4KyZ1eSi/rS4NtIrw3PD6EKTkZGf7GespliySpyh9pU2gUe23xYHkcc/gBfJTmpqQQGPYlFkjCiJArVaaEvM2F9NlpNlxj8SJQCavskzzHmnwmnY8PYq3nQJRIgh5B/9DpOACwNjEmPD2YweaQSdlomLBAM2LJH6QcWLeFAD5v8bOrPl5tYi+3VLgW7x2FjaedHKGUu+efwsbCfSikKifDI+MNbFKmcn8proyUvDtF3SDAo3IuWL5OlgB3JeuxfU/PQrk1fRMPrZwt70rXIeN9z23y1yvFZ/hb2Cztqlob6xnrO0HVi8t6wUIhLlUlEMngiKdHY602ycIhLIrypRHjmAkmLGrC3fatqc9bxMuG5FONuXT3NveEUiFRs9n3goAiFKVvEpqZuWiKLbB2K54xByL88GowTmzbJ2sO82/OQZd5FZKENvEYH0pIU2JAAJO4/onBBGFrlOddKClvK8s/z/6YjUrN+8kYxCul3whmZKKw2auEauFDy1lgfPySYKGt7xTMm8Czb/8UlijvVhiVNa+oXQQYD4T6U7xFLjTzab1jwrflW15s97Ibn42RRy6XcM7MFd744PpiPwiU4tMPzuuuIu7XIsm7QnBimVAy2Mts4dRzBdls5JwIE0IUIuWrvWBtkvwWsdkE5W17/rQ5jrPOZXHhRtaDguK4D1EeFXJgoROKI1RjlxC3fcbQ9rFPihNmuB2PGMtj9sexSWuU1ydR5OUtIFbh2wZ3HVvd5/yUpRXOo1eK0L1DJKGU1jLC4CEUMLDuKDhwHMyL452ynls7WHu9c3I5hLm20Vesr2eKd0pojj1JJAIZgUDJM0Vp+9HgNnqZ9DWfNq7Dq0CZt4Z6zoVYXwy2b/i7KmHWWUpgFmtp47p1jksROB/MmGBvbhYmIKPIeyO3iFIZmjKfS9SM96RopAiU4jPcjWEd4gJnTbOxeIk/LFgYEvdodvL1sqs6QqBArG48HMKU2iwzLMzOIvKNwWOPK2dhvFbwqgpl29xRCiYPF4HFZs5qN2aF77S5qfjE0kVg8V4riypUMns7pYXZ/JqbxzZ47fJdoQbpQRPSM8fmnlmmWf+mqSvNu9xjwp81g/FA5cltGuTucr0hjjkXF6Ww84Dw4rD0K8ph7VaQ5mKwvmlTIoY0Srv9hpJjXbAOMsKZj95dh6jIa0EgkoASqKqp8GeV87A11XPAKKn/Di+enJ6+ciSn9HztMlY5kgwKQgfJJPbkJJ5GyiYDSxqFd7lGF8dQhq0JPL5T8eZ2gcMkzlmKzzC3iYDAJWuBtdEQwCWbi/HWlyGJsiPXhEIk4ZV7XfUoi61EyTbLIlO0KABitsdMNiP5A8p7N2N6dxkzK2aGCx7HZyF+UyJWZ5Yli21WDVqlXGRzTXOzia8rt9323FniMqGXgnnVYIm+cyMhe4qSqLp4aJTl361PwmOFQE2Z5N+oZslDycJPybFeMxiYmzA1+ZhTyMdp3gfzEnojVFoYnt+R99Lzaz7CFBUlODTirdPfjFHG/md91DDUsy0pXd4SstZSelRuTG9PCbn7Py1ypDT2pHzn3iS3mRGYEv6MYAa0MZK91zOiuFSFto3xDq0YUyk+/d8oVgFWeNU+lGGWAEyI9+I33aOUnRcFHwVbhG1Y2Z+HlVFIWlsxxHdcXFtMvpC6MRNPBi/Yvo0um0UiCDOfOuZJL41NGOTdgykSSMgf7yHr7TpSLSoVRQJ6mwUxVl3zBfFHlY3QSbBwIBbyORJhUQhhemXnOMflOREWCX+s3sJObzfRSQtLIfDymPJ4pCfHmqtktMp0U2w2qECOufFQWSeES9tv5FzZNxglGJAOkSg38jqPF+8sYVvzVHgQYpcL21B0PSO8uRpcEtQrYX33J+cJcaiwYN6dLEzEICf8mSKpIMoUqqCR2RSa4n3qu1DQ7ujXkZcp91dw9INAJv+yaFA8eW8kwTaJUCFO/mjxf6EIBKskCwTFR2javmTRJxS7XtPbtO95uzheLLW5WyQJKeKqdyGeEj1/zJ0wzvopKXXMxNOlKloK1zZhVtpvC97E85fhgeYojKBLYU6vEd5MlCGcyrHPlTyPQl0OxeKX1flULVKlbyrliuVqKCuvyEZ6cqx9CsW8OJhCMAWBa/k9sjbomUN543nk/fVMZm4OwX1qYXhtrhX206y8xsOfig7FXZ+XVWFqFEYFb2BrnyGM37nNQR3Quc7HXO0Hx8EMvYixTk6tyBfGhalFW2TrEQbTkwO6l7OYanl8+r2N2XDTVSk+cnXExzeJFURSLI+P8DPxrsvVr1Q0syBvIvCeNUP5Cdz33Mx91bc/a0zr/p9eBDG+5r8rNZWA4zjJWBddyi3LpGciQxApfgpg6F20DTU9MCq9yQfqgoyPgooolZ4rm9xcSZ4Ewdl92vaeTA0TIT6UAx5Xc/YOjtXyrafMHYI16KUMyL9i3FAYhrAlb5JHfWpEIFd8gJHKHpHFXXgdecO959b0KRVU6OIeUMYZDNOrwKND0VFA6LRWBd5neWq81cIA7Y0qdBVthoDCSOeDVQ49DrZmeO9gSQFnYBWtMVWynnjHhJR7D4smiEApPv3dtGvHpYQZsDZZCMSGsjI2SXlGQjgPEGuImHkeoWViyZPvs2/3biWzKVfctTwHYya4ZeK48sG75hIIJxTah4QciucfGylaoYx5KhCst7x7Qtl2jSlPT6O5ttHwdRkzScCebz8RK6lwhrmXM9ZIWKiD93vXZ3Jsz9+q8bBsMjgIlxRzTyAcC7Ho8+RQdnhEhd95Z06CJecLT5KoPzXy/sg1EoLczMthUKDkWP8vBhPEDpmuH5NnIFQoiKGFV4EBhsGQgLqJkcd3nMOzQ6mX8zO1PK4hngHFB/Qu4/klv/Ckkm+yQIbKs3Jp50CKWzA8qNw3Rc/wHO5BK3MoxacVGM88yVF8w0bF+iG3glVp2SJnwbBQW0hYUbmGm+FtzYvoxWJh3vfls8BfbbFgif8eM4kLVr+f1U5Ixy5EONKnB7kPBKax5J2wMtp4jxoTI7xRzoSx7EsW6wuLk7Sdk6ESoPLqSTY+Fr9VSvu+8xjb8XIlhLhRzHlx50reE/H41qW2cgt3wYqHgyeHx8M6YL2EvapK1k95GhQzOTpTIoUUGMOwalYMCPZn6xQvFcOH0tiUz0Mnhi8NrIXsMg65/0JpYYPd/01I3g6jH2H2JNjecOh9uM7CjeEDbip18vySH5Dy7RRFz2iXYdRnja+L/3vehLbxVpn3nMO2u8BvdOcsxaf7W0JoFXqQHgtWkdctXVaOCff7jYNVMuFmP024UEGEla8pbG47E9dwjtsHS4wfO/EgvFuw8IWssrPNmC3YcM9kyjGEJllQbbbue/Nd5NkSe86K1haximZp2rbKSsOUB6qZ1C9nQkltSvUhEKGUkMpSPFcyR95ha4Yw3D7pNnEx3m3vCkHLOiqsi5Ijl0x+xr6e7z7n41q8ud4ZvUl4dbLCGuWSUUsonrltKsD3Pf6+r6cypGJAcBPyyyAEJ32FRE34uSlZB+8W7LniGSKo89oeWhPWTfHyPe8foyFDQ3r0hcUrtnQhmPFnriQ8z3sqv+uJc53koc2rFJ9u77gcHi9MFjLgtbCALJMFRCiDOGTu+rM2ci+jcLd9ki0l94u7FQM9dlLBTCgCSwvP2C5EUEoBHX5DJqILjTKn5earPH02ZeNrm2zy2XiwjQaT8oQeE9xcQ3goWU+7rhjXNjb7nI9CTskjwM6RsuT7A2Nyeph0SULVCLcEXQIubw5lgOcQxvIzdg317HLcp52bUUOFNaGCBMdUcihvrOTmJbn70MPVEkNh3l8cTMlWhEIFSjmCFBMGG8a+Xbz0jrvT4nxKr8uTHHu/uqGeWcZa+yPv4/suBkHREbUiDFuD7LmT50+ILNlsShVf535fWplfKT6twLjyJLwyXPFKVZ8EEwhtgP7eJGFHX7n4g1jZ5byfVScXFiXu+3jH4RNgNBlU4WYKORhZjEDJyF1ykSgarHrI/aA89S2cE4CEJ4rZX/buSLJ+QHDXIURC0PQkUbLc87MLsfyzSBNKm3Q+fnnQLiec8DE8XjxcBPLTSolPdYrWIorIhWDhZW0SBcA5KYxYAQKeTl5ZeY7i6TfJzWhzTPueS3gn4VoCtHBmid6I4C6X0rzwNh6Kfcc09uPtiRRde9+1gq1PhGz3X5gvj8yupAWEPYMyJZRbGKS9c+wtG3ad7y7HiYCg6HgXGQazF5nQUQZYHt5DqghIJhKhw7tM+Zlb2N4uz8jsjinFp/1byhVswSAgUipuEmwRsfnpp9DMpWFFPb8YAlf+pi5j1hhVayRybkvuOWHN5iunZOzEI8UyumsJazkJ4nPzWVeJhdWqL6Ko8cwt3yveHeMQq94XUfqyMhcP47akKIJ8nua64dlmmZ1aTsW2c1/1feWRWQUVyCCkzYkuxGTkhbXhHYSL9Y2yzRikEASBi9dayJJrEK7GXlWyeX+vHr94rxk09KgS6ui94EW3XpnTxeBSct6OGg83BcezIGRZ2Ld9kSdB+LJKe20YfxSyUHGQ4sm7w8g3hXDu5vPV5Wd5TPChEGbjayH2rwwWOsqQc4jkGRHWx7NIaS6aKQKl+LR7YzXxUzXsnYO50TWQy1ya5RLMzWRz8cYW/U2J8MoymovWpsf5HoVJCW0Kxck2Bw70XbhYhHYRwNwHgrmeP6ivRqU2FN4P99UYmqTy172C+86VMAZYEAa2LRBBYJHnkYmsziV8kzWVUHGo5F3i6REOskv4zVhxy3dOZawso77NWFlNzwULEVFymVLAwypUlbdQ7srUKmYJTeX9ouh4h5THds+9FxeDeXIqXO2yTwmsJMLLz8oecZ4DBkHhUk/e5qE647uu433kORR+qvBPlRu+tFiOCA8GQIom2QExMsgj867PzWiz7WNFFuNdPgkWZjnn6pzbYjPL75fi095tFUr1nYvTcRvnov4d8ZkQLNwqhUSbQAq+jlNZZlviteGa9rJuSkJzxJZ7ySllU6A3xiBZh3dpummDFWKIeDtYabsUUFVj0tzRWCVhJ/FWEYo8C200nd31vvEywUD/J1bqTYjyxjPVnI9niEI/tXyLTea7zXfMH46KbsyFeKspLJqTCvfYJOmbF1B4F4+OKlu82vJyhCsp2rKqQeSY8WL1peTwThCk3V/rBq8mz4QcvKkpbn3gLScEdvqPCZkSWqstg3VYKG8XXmEGRffJ+iSc0B67T3hcHzh1eQ2yh2dXKwyGKjKe+3ASDCvhq4eMTxN7z6uwNvmvvLfP7PLG1LnHg0ApPu3cC5YTFhVeGIsO132SF4snCMvnIRykwHhJfOZ92YW4pYXGPWSLg11fWI74+i4VgC2GdOpXbaDczpS8bb1blMn7Nc5O2exKWBG6IXZ8uVAEAVCBCx6eMZCwIhb4TTw+BAmWQBawJF4eYSSe5TmXbt70XnnfPZs8fHMgvTdY5ynqql95TpbJO0moUoiAkiO0l5KjeIhctamFyfBG8QwIHxayyXsn14jCJx9TcQfvcNHlERDGTWDk4RO+yKNsjVWsocsQP+s6w53QcfvYheB7H+ANgr1nluxxFJzFcrLPEyVHJbJNjBeHBJ+cansyw7F0A8bKogNCoBSf/W42BYKwYPO3QbL0q5bWJEoOZUefBsIki6HQq32bABJAJYMqHbwJCVlhceN1EKI0BRLvbWFnoWJJ3JTch2YRCRtxFzG7wpwonln5JsdHcKLwSnQeE2WFLmWtT6tCluFwzbwkFQc9x7WJXnpH05LK+NBUDsd0vzcdi/XLu6avFYWWly+tnwwI1hkeHQUtVAZUiUy1Ix3thwjZ3HRey9+j9FPYVM6k2BGczZcC653gyRGqXLQaAYUINH/+5MUzIUdLPpO9jBGvaxKWJaSNB44X6VuDp+ZN3AUjz6l30nPrHfQcZ1sGoYO8aryrlM1DwGMXDB3j3beukdvsz7xjRQeIQCk+u990LxGLiio0erFobLVM/icsSFytZE6uZp6L5XyfXUbhfKrUCF/bhCgCLEOUrilY6ymJhKx3ClYhqelFO22+3Pss0BnLLK+AQEcZaYt4zlQiWsZeeJA48zb777Q1ZueBy1EwT5S472UFGM5i7wmFnt0kz7lwkqK3I6A0Ma/rfYIfPWFgWOtVLiIMWBdY7FlCKb88PwRbxh1e7alVWfM83zZYOCJFnwBJUOT5FNJHCNqlJ9iEb/dWQ+fJ5lkR7sdwRtGR08QD1ldeCGVLURWGQ4UjrL1CyiXjz5EY0xgaGPysMfYx+WSIJ0exBs8s48MhVVvb515T1K1rPGIwozBPIeJlnznXsacgUIrPbo8HoVHMMkFXmMS62FBhFDxArOV/vVjI5Fmo+CbnZB9Ki7MN6axqSIQY4zBmuUZToMyNEj6RvS82GTfrV4YeEdx8biO2nBAlwVkfJspYk+D//cFj7/ot7+z2jYHDikIj1hnekl+b5PkWVqLnRdFlEfAuWQe2UcrHhCFjAC+q/ia5D1AKeFdZ1hlVpkbC8NIjoWS959e6K6eN4YeBqmg9AufiXzwqBMVUEuVoMXyIMOiLhFBad4Ryyb8g5BNWuwyf62turiMsUEi8ympkBMYHBtHMo5TXSmagoDNK8Cpvavjrcx5jvxal2VomIsP+fIjhkGO/R4OMrxSf7WCnZPDWEHZYv1ihTrM8+b9N10LGO0BA5qmxoLVBzkeYbeayrDovYcYisNwws40xdHWO9E5IrN+0Oo95slImwUXuzT6kOAK3OC/IMhGqFK6YUniMeRivQgyIlX95HZAMK5REueY2lMZ98B/rsSyIQiqXleCxjte49OsgTBK8mo2AeQDNRdXDqZBy7MJXGTayNxZjkvtyMbiP0KupYLVqnIxv3m8COCyFO9pPeDGFMBIU+yaKAO+O/ZXBy3pufWUsnBrBU2iaUHQhwwqFUGwolEm8DuQI+4jiN7yQQkiL9kPgrnG4qrrWZt7B8/udro6eGwKl+Gx+R1lIVeTifWCFISicRSyqTW8QIVrYSFskd8WCaqNYR5Q17nEhOVPpVM36JURQuBUhbZPykjwxTYvuNpXLVmEnp0FIh7CfZXJuCtaU8130F8oqhOZHAVK+mIVXXscUhY223qtNzkNIhJkqeWOkoxgUhYAFXxK6kBkKjspXPMCZv8XLo4qb4gRjJQYboWr6jvHqNAsQWE8lKLdlTBorBvuOC4YMSJ6HLOLwmvgst0ue1pDGG94k6ynvjufwfLBy1FMguTeUR95y+zADJ6UniXKDGfI0TvWcluexmzsrxFxfPDlglJ8++/V1M6M6aycIlOKzGazKtar8AS8u9029COKgs0moDUeFsjaJ8sUDtdwrpnkNrl4CEIVNf4MpUIYRbVrNrZlvZX6OIxzxXGxLLOJKolJ0m+RcGpyJEZ5L528Wc+F7vDtC3ZYLc2yL3SF9/79isizjynqPgQi2NnvPr2fXmiDUi2JgDWAkYURgRc/14qwiF0PMiydSsQieHApbszHoxfidh1v1uKLTEVBh8lywMFaV+iTDy3ek6PAuDO0RY6hSWYsxkPItnMt4x0hyY3lujoO9Q/ZSRQaQcGrjVyCD4UifKl6cJwRPZb8dI+bbjMnaxrvGSyh0d+wh59vMrb7bAQKl+JwNqoo1rDrCKCyA21hGeS0IJKppZWjR2Vfc7huEGyWqV1nIXJswK0fjvtuddtBvC69ikZZoL2b/NDJHlstsUmojoggJG9iUeMUslhQBVscmKYpwIZhAWVQIQECYkCRvFf0ojEMQ5eBcME+Inik8OoqBsCi/bPE8C6FJEsIkWTopGywPMXbXlNfAe8P7QKgUAiQ0hRBp3BQ2oXdT8VIPhWNelxHsbsES40UBUG7haB3kURlD9T3vjcgDkRAUWvfYurrNWt0Vzjz8R8GK1thTeG8oN3C0pwhXt89QaiiOvDhDesm6wmEq53WPFLoQHikCQ+5q5UFN5e4NPM5SfE6/AfJ3LH4Ul+NgVWW2IZs4gZwbn0WrC2L9tCjrQ7FMFmZx/ax9U6jkZvyUEBsM2iTMTRjcRzQmThDdtLcRy90jg4WAZOWcPBXrEe9ONp3t4t7VOaeJgLwDXkleiZOepkAxl5/FgJKhNDybEr8VInhssIToZcp491ToWaYp+JSjvkh+IYuskCBKGiWHx0w4pfELHR4ip6Sv+XdxHR4TUQQE9KMFnpRbVfguBCtIMBbyDBovJdczKgRpiERzni+haJ5FShiFW96NSqDCQO2jvN9vWOCn+EuVhx7LU3TpOOSj2ZdVarRuUJxPxjXEGs3YESjFZ/Ud0vRLkyvCMIFCONC2ZHMXWkDhEHPKM9MFSeAXfrdcuMDvNhnxxLuMv4uxbnJOlXtuESxMIHsVrDuOR+hc458scazIZxErHqXQPW6WbXacjY93bIpVrc6ad/2/HQSysIHnqAuDAqFMY2OKDs73gCGGVZOFnBf3tNBEeTxKUDMeJL00Phy3A8HKs1BwCCRZPpr3Ib043itleOVGlRdnu5vAQGOtEnmghwtBndIrbA1TGsdWhMRzy7vDM0m5uBhMee8yTNF7w/MpR5QnwB7s+T8KVimO9x4zrMl18x6dBMtrLBo3AveM4SmtrigLxflO4x5ujW7MCJTic9m7wyqqiZ24aAukzWZdqeqz7qtjuWKFxLA0dUUWeRYqQoZFPEnPDb2FTsv/6WpM+5yXp4XQprAAS+E6+ur4x4XGPyl5FsWz8nok9Istz9C4PIV8B4Jb1fff5+4dxrFi+QmamzYPPgsVOYQENQqDZ5+y4DnmYWbV5J3ZpoeOUE+Ke/ayIiSzcrcldBLEvStClni9vHcES+HA3l9FP+Q6yMfZpDDJWfgc2v8J8DzXPCTytaxVwqatUQxDTw9mVBsjqcpGaaesUzA8A/t4zYVECnuWs8moJYoii10wWnnGeUAZIHhtPH9C0yjYKqR5j+SAjCGcboz3a+xjEnpoz7YueicqvHDsd2wC4yvF5+036cbxUZ6MRdRmLZ9n29C25i13LsKGsJjzHT8L4o5dT4w3IoyYA8vqWJtproJEKIwQDZuV+7AOf+EdvxtMQES+r3T4aTG+zk0RbVbhkhNBkBCGsc+97vj21ulHhoAwrYvBhP9tidVesZEbBBNqeYPzGfYey8WgtChCsAt5L5r5hLxTN9/lRItjrIPeLWOWiM6KThBnbPG+ySkSYlVenN1BFvbFyy0HS+4Lgd767V5SfIcuRHDWzG4XX1AlknfFmio87JuDT045kEDLEyQM3DG8WJ5b7xalKZUZ4WcUmayM5pSiART1QSqt8mQWzQsBhk8h6PZlyrPnq6gQaAWBUnwutSTw6mRn+gvx+Q57omtBJxhYwCUfs9R1ScLZVECS1Iok+6nqI555SmTDJGAJ3xDLu47SK5T/58FZlyPgGZckTdDM550FHGZCMYoKgW0QIJwRSL8mWEjsWcRKSUFSFt1ak0SQk99C0VdAZd/EXF4eSny+855xhUG28Vifi+/zYhHArR/GSxAlfBqrdYUnp89mlmfhO7X/M7DxXOjnJhxMlIFnwf3n2WPAmkLVyKMYJ+FUUQX7HQWY0m6tZVxSLIAXxjqeIaG8gpQ667A5U2gUC/K9zKtxP7VfmEo566k9f2Mer8gYofs8yS8PFtq2TTGpMc+txjYiBA5d8WHNVGJa6AavgdLTbSy4NgOdwpHFniW3S6JcvSJY2BvrLmvxZ/2/9u48Rpa2quN44p4Y/xDjFhGv+5YganBFvShxC4KCKCLKCwRFURE3wEhEDCImorK4oMSXV1FwxzVRxMvrSkREFI0iet131KhRYzSeD/SRcpi5t2e6a/qp6t9JTmamp7vqqW9VVz1nfUr3ldoy59in21YH5SEp9UcNw2mi0YT0hxaFjh3pOvl+D2Tv56kmHq7qd7KOwmWd0fXtx3UphZQhc3IdJ5M9Xkrr4khXmkZzpMcx6Bn32xhM5yFnIu2+1Q06eMGlSZ0ljH6r5XUAACAASURBVDeOHq24GTmMJWM1GeVhZeS4fyWKc56zcPp7RXM0IcCZIWmSj7EJnfb4S0jd6Y6WrhfXtTojBhvDxT27r3PGtueo19qQZyj3It+eS9NOg7vTzRbWQMDzWS01I/n5pZoTqcGKhMAsBI7Z8HlCEdUUQLqUULuuaNJC9iE8vNb4IDynusPMLR6m0gt0m5LrPO10Nve+97H9XoCUh9mD9LRanVvrdbU9LW6OHeU6bQwMv47kmch5cKvdioTARQjoOMizfW1zLTGiORq6NqcbZYiQeJ8UHPUYvJdzyW21YalGxKTapMGCni3qLaR5ug9dKVUr0R53Bo4xajyQKM7uZ+hetQlF11KNGQfuY2pSOrIn1fbQEzrXgHG6DzLErpa6bo2Vx921IZVx2uXS9ez/HEnuz5pqOBY1PH5nwEVC4LwE1O5oQ83xLOotih4JgdkJHKPhw1MlJaQnxPLTr5Z6QO1TeHU9YCx8uu2Cp7vsn6GlZoDBwxhYWlGxiNUHler8JA3kpMgFn9Y98C5KqTjrvE2NHoXhX7gL3Hw2BIqAVC/1LiKH2jK3mPy5j6jNOStSOQfAHo9tcxSIHphw+/6bTLjXGasW1poxuO/5fs2dejvHsY62Td7pLyhlUIr+Kbh3Dtx3sdYkRzR6n2JiyPAgXd8oNfGOpYxeholn+jTa5+9piqXPThu4iDy1k8n1wSDSZtxxSDWyRpzX1NSkFnKfZ/N4t/WMOnRpuCLmUoEvWs94vARz5DsRODbDRyrY9VIFpESamyLLm3UCuwhk6ViiDB6IUmCkucwpjCxtOeVZK5RdkkhvE6VyPd5SqphxKtIFTSa6Q52HPOPorE492qY+erOBjgqZFHRrXxMIRqLt6ETFu2kyYDJrDIpne2IrbaMnFfbPO2pbXjP58Lfffc7ffkoB6ff0d8w11u81eenP+H8fu/dQ/7Nf/2vPKwPPRNZrOjzx3Puc1+y3F8s1STFOr/PIutb7/Y7R52zLT8dpf74XzcJn7dN+euzdsrmPsXk4zu5AVr++5nNe875+j5+Ou6Mh/vae/rvf6/PT+5H3UNL77881p/ZA21bvt9n253qbzRkztXc+wyiwDZ2hMHLOmyMP9zuVMq4VXk/bnvsclt3dzUKM1unyvmbdxpGfCrWl+6hN29UhIeokB/7rNsexQfQaRvYttVOakZ+HLIqXfqfbm+u42Ymsu0a81t+R/l70ufZ3XxMm9Y7XOfVaf/98Z73muvW7a77PnZ+ub+fYubY/ThKv+9v3wU+ft72T3xuv+Z/3GCf12SuljEpGRK+JZLu+Q9dLTeL6GuPAkT7Y16Vjc1x9v+jvVn83+to9eZ3VR/6fnNZxUqTfvXEq0/Qyr3sObVsr8aR6r9Q2x+y61llT3U4kBHYhwBHD4DHfEg2XDnza9bzLPvLZENiKwDEZPjqBiSp08a9Ut2lKyFbAzvkmhfqMEa015UZ7SM4lz6sNq1GST86gW5J4uPKOmmT0pGI6fhNMxk+LDi8mfmeJlqonGxdI15BypN7KJNSN2MSEt3TJwrgxUfMQYWRj2BM8k8bIdgRMkE08LVgs1WdqqJkcm5yaNPNO+j6bGOJuMs8Il97U3viz9tjpQu67U2Ot78M9AZ4ay7bZE+ap8dX7MKEWcWpDon/2/9tonBro/b82ME77XxuZJ6MF29F8rTHCKNlFRKp89/cpohkMUMYurie/N4xU92pGr3M87RzpHuJaMC6/nyVSpi9y7IeqgWHsMKYd8x+XSgHfR63rPs9btrVMApy+DB7zr2ulat52beSyTBIZ9TAEjsXwkY5gPZ2ebAjhn9UFbN8n5ytrg3JZv7t0rhxWxcpSbaxl4+F5VrH/vo9tX9szdsW/v1rqRjkVN0sdq1oYeNIvIiGwCwEFtYxj15YJX09wTVh5x6UqufZ4uztlzAPbdbpPkTLl/uSa9lO7aMYXEVEQvWDcMgBeWcpJINJB/K0oeE7hROGhXavgrm5QCiOjp6NAroHbS3XFk1K4NtGARwq2ND3nV8TyO0vTfGBtZ/owx/NdtVv1j75Tt5beaE2+w4wwez1aAsdg+PA0SDPrLjRS0C7b48AY+ZRSnda629s+LzrpXFKX1Pk43ht1dNrnfve1rU4z08pyWg+lPmq6DhFvJM96JATOS0A0h8NDMe00pYih4/vDS8+IOG3iJw/9a0rVBb7wvDvevJ/BpKW6e4DJJgPHd7YjI1LgFMFLUTvN2BB5Ea3oRUktyni/C47lWD+miydHlHvInUoZkCKkMgG0kP7pHc7vUphqp61eR+RKVCe1j0s5c+OPUxbFD5RyJnEWcBpIO4+EwFAE1m74iIRYvbnztnm5FPdetti/fGnpWsbgQbsv4a28tVSL3fZSStvpFJd97WfO7fRYFWV31yOcpkailCKpRnOmC855jNn25RLg4LBY6N1LGRxqeYiJrsiiWjjrkGyzcK3UJsJYuZlINRW1NLG2XwYLlbKm3odx43vKwOFh31ama1c9uz50y7YfPNL33beO29pmjExRtU5NNCFzDkTyzsN/TRh1bzt0d7k18Tz2Y9FVUvdItW0cSA8u/Ztjh5LjH5fA2g0f3lweUl5VkxDrWxxKeEP+tFTR7Y3Wnjnv+HjutMu2GB4xweKZftF5N3Sg9zMGO49fIbn6CXVY6nDau21o0gT3vf7JgQ45u52BgHomk12F2RpXdHMK9U5SxVw7WjZfP+e+pZ9JKZMW95TNZ0Vv3rmUkWNSzbBRyM+AV/vhoe86Ngnw3ZSeuYvYXhtdvPSOM/I6AqLcukSpzTH5wqq72V2v33mhj9XIyXUSAnMRkM6mqZI5jY6WuhzG4JmLdra7NwJrNny6bgSsmxXD7w3oFhvqJgTSDawdZGJ2UXlmfdC6EWoUOkVHyoyo1lz1RBcd61mf45Hv9CERHR543sjuwOZzmlBoRhEJgSkBER2547z6XRej2J+DQ3rrLnnlvOIMbwaTdXoYMrbNOGfccKaI3Egv5XxQwLtv0azCd4FRRa6V+r4cszBEGZwfW+q8S1sk0mAZuBaIzcKrx3yF5NjnJmCRUV0br5feVppn89zEs/29Elir4ePB98gNqRHTQqSlqSfglZSqppD6vCJS4kGvSYPahRZeGBODnhCcd7uX/f7u6Ga/ul7p1vYlk0H4/TLXRrns48/+tiMgbUl9zF1L1WqojyGMEQaI9KXHlV7fbnP/9y41Dxa29X0xqRbJaSOKcSP6aB/qzzgXLmvNCZELRlVHrnQk1N752IRHmWp/qzbHM4sRKoVZO3tRtcuu2Ty2c5DjDQGp5+Ys1gmULsoZyckQCYHFEVij4WNSJH/bsSkGHrVdMc+xCZuJzQNKFQKeR3i03YSmCyn6vMmB9BqFu7pCjS7qLKQnEW2op80MrHqPTeR4CDDodQMSyVTzpSlJt6BHQYRUxMX3xXdgmxQmjgAGjXRXho6UNOlwDBsRRimoitulidrudN0SbZ0vc20s45I2In2rRU2g+9raxbmxzoeolvu2jlAan7hPXisVLX/F2iHk+EJgIAJPq7HcUir6zenDMbnGLocDIc9Q5iawRsPHOi28t7y0Fpw7ubjb3EzPu/1n1Qfkp+tg9hVbfliKz3NLH1j6nFM+I5KkE9USUj54bXlzT4pmEFoOR9ZLgCf/M0sZ61dKO9IyPWKGicmuiMe1UqvLnxT1cxoK6JwoaqgGR5pY3wfU+lnrRlToF0pFDLapu5FCer2Up/MRl3AavnfDo3dl3F++2f8l7P5Sd6EeR+SbJ1kqn7ocrbul6orm6LB22rm+1EFmZyFwhATULZqXaBCjZucbSzklIyGwCgJrM3ym0YMl1YUwYKSoidTwet6s0xSPt3WJzmpbzUPs3EqXGV16dfXpOK08zuvLIx9ZB4EvqsMwyWXMmuj2WjTToxOJEaV9WalGBCJ+U3FNiHIymESDGDld/2LSrAmB74aJ8/XSXetujJETQUqHfc4l8uU5MiycSnAw6dd6+2b3grnGtO/tWiRT1E26HoNUJO0lpaJ2L9gc7773me2FQAhsT8B6g1LLRXdEuRk8vpuREFgVgTUZPiZUPLqO6Y9KRXuWJDyevNomctZW4HE5TXiqrd9h8qDz2WnCi27BVG2tRxd1E52OKN3IhO9rS5fUjnt0xpc9PulKoi9Sy0RNGCinidbSjBwGzjQ6+bD621oQV0o1GZDO2S3ppW9KfdK85Hqp1DTG0lxiUWBd29QUMa72KQwBTU4Yc8Q1r5nBZ5QuNZ1EpE0d1qeVMuhwY+QwSkVxtRJ/+j4hZlshEAIXJiDy+sRS92tLRojsPP7CW8sHQ2ABBNZk+Jj8qJsxeVCkzPhZonx7DVoKiMJm/fCnkzotq3lJGQZS2c4S59VNzARK+9uRRU2H1L3vKZWOFFkWAdekOizRGN+70yI5fUS6n5nQW5/JNazzoNbrPkdNkl27oiyMes07GMKMgUMV0mrRKs/9Zt+58541ES3fzxYpJWqblmTwOPefWmrNItE8ESvnT5SKQacmQL1SJARCYBwCnBMW8uUg5WjlcNUMSvQ1EgKrJ7AWw0eIVstqIjw7LZBf4kkUvdLiWc0D76g8f2lfJoNvUKqm4WZiAsWQMCGJhMC+CFiozgRdmiVHQy8MenL7GgUw2j1MRWlEbEyQtSnXttx17HXX9PVSNR0ewGq+RpJOdxOZUju0qzy2NuB+5fgJTpwdorwji+gN1V1P0wH3JudPG2lpt87dEmoKR2acsYXAnAR0puSk0gb+eqmawhs5UOccS7YdAgcjsAbDRxqMCf4blUpL8VBei4j4CD1LFXKjkvajpW+ve3Oj42T8CWFbXEyjh0gInJeAuhwTXR3GdBvrGpTTtqMQ3/ePgW5CzCjq76LOXH9bKoLDwJGmts01fN7xzvV+UWSL7Fok9aLCsPGdZPy1iIhYGHW0BixSFXXCUyOo8YR7a6cYSlUTjV7S+bvoOcvnQmDJBER21D2Lpr9f6atLf7T00aXuyZEQOEoCazB8NATwcDY54ZFcY2qFG9XXb65QrXe/ptTCijcS51bjACHsbzvKqzsHfR4CamqkPlwtVW/moXkjUZ+jdsN1ppbM90+Kmjo7DQYUx6ozW/oDVqEvo04qWjdSOA9X63Q9pVSUq+UP6xct3HWYO6Tco3auzkjjBtEsx9fnsVtIW6zQgrCREAiBZRC4tYbJceGeIyIrGivKnPWulnH+MsqZCSzd8NGBRGobsZ5HrwczM7ZL37wGANYy0V5SSt9nlfK+615lgnnW+hbqCExod/FUX/rBZoezE1BTJXKo+YCJ73SdnNN2bjLsXuHnv5dKYRMB4WRg6Ky57bAJhAWGtVnW0lqayM1Ecb/vqs5zoiUt2mir3ztEvZIWtRYL1khEmqJUNc0aGKvS+NxHdu2CdzMu+X8IhMD+CbhHWbz5LqVSijlHRXa+eP+7yhZDYPkElmz4qC0wCfNFF8KVWiPCsTaxvo8UGUXg0/QSk1WRHOuXmMxgwECyFtCLNhDUAqmhUES9zbola2N37MejG5mIgxbp0iSlq51c8PY0RiI5XX9jks5r+NQjhfmTddwiybuIFD8Tk1t32ciWn9XtUctoufx+ahgh3VWEjseXwcpQVVcUCYEQWCYBtTn3L9WVjUPKosvfVPpjyzycjDoELo/Akg0fHkpF1uQTSv29NpGby9Os3a80pBvJfeqfOmvJz+fNlWLE2NHW+2qpeguGYmT9BFwrX1UqBfRGLc0ZOLz+0rh8fxjSOqhFXkdAhFWaCJmm7XGyqGnqlvIMDlFYRgbjQt2hlDZpqRwSc4hJD6PMd15LbGPornhaRzNapamtMf13Dp7ZZgiMSsB9SAdFTk7Pd/dsjlDNjxg9kRAIgS0JLNXwMbHTkYRI57qZUbAljuHeJjVGZEvNxXnlQ+oD0mruW2pCpuhcKqDCcvn7kfUQsFaOybkOfiKfpwmvoA5iCul/qFR3schyCLjHieLoiifay8hxTrUIt/6V9tHSW0ZrlLAcwhlpCIxDQDOCzy+99+a7bi7wi6UW9z7W6Ps4ZycjWTSBJRo+io15WnlWpeNI5Vhj1zKeHDUFH7+Z1OxyoZkkqcvoVEBefl7pbyjlDV56AfoubJb8Wa2lH196mmHsOyHqoAOXB6XJcWR8AqJ0FnBVhyOKw5B90813VASJ40LKmo5wc0WSxqeUEYbAughoMGJh8u6kKBqvTbysDd1ZIyEQAnsisETDR73Blc3xn6x72ROWg2/GwoAaF1jUU43GPkSTA12kpL5Ig/rEzY1W5xdhcwaQVKd0cNoH7Xm3oV7n5aXq21qkMVq0V+736IvWzktnOVtnuF4t1WBC2lp30mOwahohzVUKYs7ncs5pRhoC2xBwD7c+nzo86eju3zIxfN9vK41TYxuKeU8IXIDA0gwf0R6tco2b95NHdI1i4iMqc2XPB6cOSJoTdrpOdQTIei0PKdWFysKKwukKoDVWiIxHwEOTESt90QrcnfY53kgzIgTUIKpH1BFOCoscfSLS+telmh/4vilOjoRACKyPAGfmA0t1YFOnQ0Thr5X+YGnSz9d3znNEgxJYmuEj5GuiRz6ldI0dTCw4JtWFYfKKGa4bqXOKnq1NIqwunD4V9SLWHeGJsq4HA0x04ZmlIlCREAiB0wmIqn5sqfo6i75Kw5Wm1mmHGg6I5KpLTGQ1V1EIrJeA9vGaEajRsWgxJ9UrS5+z0W6Ksl4CObIQGJTA0gwfhbzSQUzGt2nLOyj2M4dlbZWfLf3m0kfNOHh1BCZg2h0/tNRCk2eJNYM+u5QhpKjaGgHS4rL684wnKJsemgDHBCPH90izAfWGb1YqL989iveWchhYXywSAiGwbgLvU4cnc0JExxxFI5k2dLTEl2URCYEQGIDAkgwfnlSdi4gbiRvM2sRigtLc5PxfhkivkYazTbts4xENsk6QFrp+58kWlZIapwNNJATWQsBERnqKbmpS066Uqodzz5SipsFKOwE0WVEfFwmBEDgOAu4P5iDuD2p0GDoWOn526QuOA0GOMgSWSWBJho/1RXhXiY5Ha0sVef7mRuoYeYouS6wP8ITSV5Vqh6zeYFuRNvfIUnULb19qkUSRJAbq1267kbwvBA5IQLt33zkRzbuWav0usqlVNEcET61Wsj9famHgtd13Dog+uw6BxRBg6LhXSF9j6HjW/W2p7IwsBryY05iBhsBrvZdLEPUu0kYIT6vFONck96yDUXejtuZLD3BgDBeTOpM+RmWzPu9Qvrg+4OHgfAn3a56gC9/tpd9a+lvn3WDeHwJ7IOCa1PJb1PjOpZqkqF9z/xOt+Y9SkUutv01mkp62B+jZRAgsmIA0VrV6aoo1I3Cv4ACRFq7zWp5lCz65GfpxE1iK4WNlYh5Z8uTSx6zstKlZss6Obl2HEpNBXWZ0npKr/LQ9DMSCqYw6KUPWI+FFN7H8jVJRLWkB8aDvAXQ28ZprTMRGi3sRm+6e9ib1u9Q0aZnqbl5Wer006+DkogmBEJgS+LL642qpxgTqXz2rNCKRWm/x0EgIhMAKCCzB8DGJ4ZVt4X1hJKxF5AVLGRMh0cv/0MKbxTPOCOLx2qfoIvdppR4sWpHzumufbR0h3eWkyb24lKG7pnO8T4bHvC2d0nRIklt/pZRxo8kJo13XJAaOlFhpKD+9uY6ycOsxXzE59hA4m4DnECfqR5aq47N2jvuFBkOJ+ubKCYGVEliC4aNo+OEb/mtbu8cEjuGjHsbCk6OIiM+3lGp5/Q6lOlXNJbZvxWoLqr5bqQJyKXeuTcaPmiM/rT9kUpsUg7nOxBjbvUcNQwto3QR1SpN6ySnAAaKAWFra75YyctSSiRhK04yEQAiEwI0IcOjpyMihJwOBg4SjTYvpGDq5dkLgSAiMbvhYmV60R7oK+cLSp6/k3HQoXcqXwsnRRBHnczcPBz91bTPpvCwx2X1wqRSmdyxVN6Rt8BuVyrVWeK6bHKPM+JIyd1lnZvf9uN51BlQkLPKni6E1b7pVvcinCKBI4K+WSo1Mqsnu3LOFEDgmAp4dloXQep6DzfNLqqvUtWeUcp5EQiAEjozA6IaPbmOP25wTNy0pLWuRX6sDkarztqUm8SPKh9egLBLbK81LHzJhPbRoomBMdytlQGqtLUpkHRVGkYYKHnCiaS889GCPdP+MGBMPC/jdpfTK5pwxXP+tVP78X5f+QakIzktKf+lIWeWwQyAEdiegtfQDS6VUyxyQ/qppieeAxkExdHZnnC2EwOIJjG749IKlQK9p7R6h9QeUSuvRJnd0UVvxxFJr/oi+/Ump7jZPLf3HwQb/YTUedURqP6Q2iCRoquABaGKNtwVYI/slIIojevNVpW9Vqr25Doxqxhg6UhVj2OyXebYWAsdMQBtpDU1EjDnAGDbS4TUkYOhEQiAEQuD1CIxs+NxSozW5blnL2j2KKZ9UutTudDq1PbpUu0/iQeNcSTsbWdQsvX+prnVS5hhDWoj/XunzSkUdItsTuFe9VW2WbosibryrFt9l4IhmYhoJgRAIgX0Q+PTaiLo/WRKa4ogcW0DYfVutn/V0IiEQAiFwUwIjGz5SYXq9HgXu6jyWLkLwJoXSr0R7liw8/Fpe373UdWTSq/7q8Qs5KOM3Vuu6yP+WRqmmRFcf7cWl+P3IQo5l7mGKnN2n9OqGFcNReubvlDJ4RQMxi4RACITArgQ+rzbgufLBpd3sRiMCdX9q/tybE7XflXI+HwJHSmBUw0cx4rXJOZFS9ciFnyM1KLqTKdw20bauyFrk1joQHeo8pKQ1fXUpo0GtzZLEA5dBqn5IMwVpcgw6XkW1Q9Z++cElHdA5x3ql3q8uh5HTkw4pJOrr1ONoIOFcy5mPhEAIhMAuBHRX89xwr5FObZFhyxtwqrjfMHLUaiaaswvlfDYEQuD/ERjV8DHBUhDdol5j6R5lXanUn7jBa8u8RtH4QNRH6pNGAz9XqhEBT91S5b41cIaAiKPokKJ93sdXl2qtzRjSTlmR/pLkk2uwH12qhThjh7Fn0uHY1OboNsizmknHks5qxhoCYxEQWZcOy5npucCh5Hn+hqXSjdXxvrxUDabunOneONb5y2hCYHUERjR8TCyn68aIGnQ9yVJPgJSwLyh9UOltSz2Ic4xbREvh6ceVakku0sVAUBt0mS2xzzHkc73VwncfUXrPUnVDHuSMBumZr9pcv+qHfrRU+tyhRIcjjQbU4zDcGDe+X8ZKesFPRo6W0TFyDnWmst8QWC6B+2+GrmGPewxnirW43Bf7PsNRpCbH4qAvLdX0JBICIRACl05gRMPH5Gua1vbY+vvrL53M/nZo0vn80meWfu7+NruYLT2iRvoVpXcqtQClaJ7zubb6mV53SBRFepgmClLlCANDxJJX87dLr5X+1AXPoMJeDSZ4Sy0wK3LDeyqVUncjjHu/diH1UBSHcSPyZtIhEmcskRAIgRC4GQFNTCy7oO6GI0X3RnMH9yI/3dtE+Dl9GDjube5Da1lz72Z88v8QCIEFERjR8PnL4qcVLjG5U3T+nwtiOh2qsasR4fU3KT1m0ZXP6ti68pioO6daS39PqRSHNYp0TdEhzQFMHKwWbrLw5qX93TNBMGlgxIiO6Vbk764B8/ebnQFH9AxH72fYqB9jWJmASB/JGkZrvKpyTCGwPwIcc5YksASAe5TsCk2FOFI4UNyn1Nz0mjgWFH/BZvffXz8PGdHeH4VsKQRC4GgIjGb48JTzGLWYwAmbL1V0vfIgYchl8bTXnUUpb6IWncJoki+lUSRCY4S/G+SEq8mSIuaaVOvj+rSOEQPlPUtNDjptzCTB/7aRvhZ81rb8ZOQThg7DsIVxg09HjaSkWQ/H+6UTRkIgBELgNAIcLtLGRWo43jhi3MNE3/s+04tnW5aAUeOn59b1UjV+kRAIgRBYFYHRDJ/HF10T3xZpb49aKHELqBm7CfPa0rr2dUoYDl9Weu/S9yrtyIZJPQ8jw1dEQxRDQ4iOhDAERDgYAL2Aqoc5Y+QtShkgtiHNS665hztj4hM3+/Aag0OERCchEwLbNh4TA78zRqbfDxEZYyK2bXLQURl/S+GTw95i3+qapob85N9b/drpc95s8VjjNoHxOumffmcYMZJMXrAyNnz+rNRY1BxFQiAElkdAQwD3NPeqzojwnX54qfua775735VS91D3MPcu9ywiKqMrpe6UmrAk1XV510BGHAIhsCcCoxk+2ldqcdkil5gHammii82vlFrMUX50ZDsCIkCMIJP8dy2VT+5BbsK/D+nUsN6WNDMNCShDQZe2Nl7+pH7XnGAp8kU1UMaa2qKOkuog2Olz0usYaNQkyE/HyjByH/Ca1EMTK1GlSAiEwG4EdEvU6IX4bt6tVASZw8Xf0n85Lzh33OM4XKSbMXLcmxg17ktq9Pzd4vMMH8/Ljgb7Pv9AqQhPFmOewMqvIRACITAlMJrh46bdXmze9W1Th0Y6qxZ3lKrlWO5Y2ilMI41xyWOxgnfXgJ08Dqzln6dw/+wzzJi0AjpRf+QaJfL6TdJMyLoGyYSLIcR4srCrCRpD6Rc217j6tetLvpgy9hDYgsBD6z19H9fF8crmb98L0eJ+jqrpFHFu8f2ZdrG0Ng1t4WDwfZpKOitucULylhAIgRC4KIHRDJ+pkaAFck/KLnp8h/jcizcPQ5NI66FEQmCpBKapdqKYvNEmeyJJhJeaV5qTQkofj7VaLek0ap5M/BhS3icdhyPDT2l33s8Ik6roJ2cB44s32+e0xZWqo/1tZB4CUqjUemi4wcC1kOTHlLYDynnVjZIhLCLo/EsbNcEXVVhSYbvFiV27rlFtltW9tHCkTJ0p/o9Ly7Q+s9sy9/90MOsUWJHj75vnVGWrIRACIRAC+yAwkuGj25dVmluk3dxjHwd5idt4Qu3rcaW3lD77EvebXYXAIQm8R+28vd2fWr8zdtrw4fFWc9ApP8YpeUpJbwAACrBJREFUHW86sbzR2EVQp+/tdL1uKuGznarod/c07+kFEqUE/d7mdZNe2/J/v1t41qTWxNWk2GelDvHKX7Td+JznQb1g1791upQJu4WDcXYc6tT8T5qVc8B4lC7KeHEefL4ZeR9RFyaVilEjsudnr/ekwYdzIJLRNW0+Y5ttSDgXeHZqlu07J91xkMHrta7R8/7WHg/DV92e1/sc+QzVDVENX4+7HWT21/V4XvPZO7z2kF5PTjaXUTfYx+N/opgt2r7/zBnbycshEAIhEAILJjCS4aMRgIYALUtrbKA4X4rV7aVTb+KCL48MPQQWQcDiwGcZUuqdGFqnyZ3rxakB1e9hPEw765322a6t6Mn4ae8xKZ/+vyfp3jv9X0chGBhtCPT2epJvO6d1huw2wyf3L1LWxe3+p/kGQ++yRITlPLV5zsVZC1WLCm47dgtjau4RCYEQCIEQCIHXIzCS4fOsGt1DJiN8UP1+20LOGY5SIDzou4h8IUPPMEMgBC5AQJRF85V9iUYT6f64L5rZTgiEQAiEQAicQmAkw+daje+jJmPUnlOtwBJEWp4oz/uUxtu4hDOWMYZACIRACIRACIRACBwVgZEMHwYDY6dlpLHd6KL4/PrnM0qfXPqYo7p6crAhEAIhEAIhEAIhEAIhsBACIxkXimF1dSLy57ctfj4kaoaa7kYvLb3rIQeSfYdACIRACIRACIRACIRACJxNYCTDRyGuzlBEl6HpeggjnkNF0dpV+8lg65amI441YwqBEAiBEAiBEAiBEAiBoyYwkuHTK1U7IVqbvs3gZ0bbVwtAvnep9qeREAiBEAiBEAiBEAiBEAiBQQmMZPhMFy+1COJZrU1HQPm0GoQWug8r/a4RBpQxhEAIhEAIhEAIhEAIhEAInE1gFMPHQnhWa2+xkOn7D3riHlDjek7pD5Xeb9AxZlghEAIhEAIhEAIhEAIhEAITAqMYPqI7r5qMy2J1Vwc8U9pVM8r+stTCiNLzIiEQAiEQAiEQAiEQAiEQAoMTGMXw+YjidPuE1Y/X7/cejJ2o1F+UvknpO5b+y2Djy3BCIARCIARCIARCIARCIATOIDCK4XOfGt8PT8YoleyBg501DQxEphhpvzbY2DKcEAiBEAiBEAiBEAiBEAiBGxAYxfDRJOCZk3E+tX5/5EBnTgODh5Z+Vun3DjSuDCUEQiAEQiAEQiAEQiAEQmALAqMYPo+psT5pMt5vqt+/ZIvxX8ZbHlQ7ubV0NGPsMo49+wiBEAiBEAiBEAiBEAiBVRAYxfBh9DB+Wl5Yv3zMAISv1hh+vvT7SkV7IiEQAiEQAiEQAiEQAiEQAgskMIrho0PaKyf8frl+v9uBeb577f8Vpb9e+uEHHkt2HwIhEAIhEAIhEAIhEAIhsAOBUQwfhzBdwFRra8bQoUTXNmOwttDblf7roQaS/YZACIRACIRACIRACIRACOxOYCTD5z/qcN50c0j/XT/fu3QaBdr9aLffwjfWWx9V+gGl1u2JhEAIhEAIhEAIhEAIhEAILJjASIbPS4rjB05YWhz0XqU/cwC+f1X7/KeN8XWA3WeXIRACIRACIRACIRACIRAC+yQwkuFz1zqwF5eeHNNv12sfWvpv+zzwG2zro+t/GhroKqe7XCQEQiAEQiAEQiAEQiAEQmDhBEYyfKD8nNLvOIXpv9dr9yzV7W1u+ePawVuW3qH0f+beWbYfAiEQAiEQAiEQAiEQAiEwP4HRDB9HfP9Sa+a89YnD1/zAIqcPnxHLs2rbDyl9ROm3zrifbDoEQiAEQiAEQiAEQiAEQuASCYxo+Dj8Ny79o9I7nsLinzfGyY/smZNIk4jTT5SqLYqEQAiEQAiEQAiEQAiEQAishMCohk/jFd15Yqm0s5Py5/XC00ufvOO5eJf6/O2l71D6otKrO24vHw+BEAiBEAiBEAiBEAiBEBiMwOiGT+N6Uv3y5aVveAa/P6vXf7b0MaV/fw7Gd6r3/m7pm2+MnrvXz+l6QufYVN4aAiEQAiEQAiEQAiEQAiEwKoGlGD74vX3pc0s/cguY/1Dv0SHuk0v/6wbvv17/e6fSV5e+V+nfbbHtvCUEQiAEQiAEQiAEQiAEQmBhBJZk+DTaK/WL+p67lN5s/KI3v176lNLnld659GGlDyidps/drf7+5YWduww3BEIgBEIgBEIgBEIgBEJgSwI3Mxy23MxB3mbsjyq9X+n7lr7FBUfxm/W5D7jgZ/OxEAiBEAiBEAiBEAiBEAiBBRBYsuFzEq/6nweXSoXTEltnuLPk9+sfFin9ztKXLeA8ZYghEAIhEAIhEAIhEAIhEAI7EFiT4XMahk+qF0WENDEgLy19bOl/7sAsHw2BEAiBEAiBEAiBEAiBEFgYgbUbPgs7HRluCIRACIRACIRACIRACITAHARi+MxBNdsMgRAIgRAIgRAIgRAIgRAYikAMn6FORwYTAiEQAiEQAiEQAiEQAiEwB4EYPnNQzTZDIARCIARCIARCIARCIASGIhDDZ6jTkcGEQAiEQAiEQAiEQAiEQAjMQSCGzxxUs80QCIEQCIEQCIEQCIEQCIGhCMTwGep0ZDAhEAIhEAIhEAIhEAIhEAJzEIjhMwfVbDMEQiAEQiAEQiAEQiAEQmAoAjF8hjodGUwIhEAIhEAIhEAIhEAIhMAcBGL4zEE12wyBEAiBEAiBEAiBEAiBEBiKQAyfoU5HBhMCIRACIRACIRACIRACITAHgRg+c1DNNkMgBEIgBEIgBEIgBEIgBIYiEMNnqNORwYRACIRACIRACIRACIRACMxBIIbPHFSzzRAIgRAIgRAIgRAIgRAIgaEIxPAZ6nRkMCEQAiEQAiEQAiEQAiEQAnMQiOEzB9VsMwRCIARCIARCIARCIARCYCgCMXyGOh0ZTAiEQAiEQAiEQAiEQAiEwBwEYvjMQTXbDIEQCIEQCIEQCIEQCIEQGIpADJ+hTkcGEwIhEAIhEAIhEAIhEAIhMAeBGD5zUM02QyAEQiAEQiAEQiAEQiAEhiIQw2eo05HBhEAIhEAIhEAIhEAIhEAIzEEghs8cVLPNEAiBEAiBEAiBEAiBEAiBoQjE8BnqdGQwIRACIRACIRACIRACIRACcxCI4TMH1WwzBEIgBEIgBEIgBEIgBEJgKAIxfIY6HRlMCIRACIRACIRACIRACITAHARi+MxBNdsMgRAIgRAIgRAIgRAIgRAYikAMn6FORwYTAiEQAiEQAiEQAiEQAiEwB4EYPnNQzTZDIARCIARCIARCIARCIASGIhDDZ6jTkcGEQAiEQAiEQAiEQAiEQAjMQSCGzxxUs80QCIEQCIEQCIEQCIEQCIGhCMTwGep0ZDAhEAIhEAIhEAIhEAIhEAJzEIjhMwfVbDMEQiAEQiAEQiAEQiAEQmAoAjF8hjodGUwIhEAIhEAIhEAIhEAIhMAcBGL4zEE12wyBEAiBEAiBEAiBEAiBEBiKQAyfoU5HBhMCIRACIRACIRACIRACITAHgRg+c1DNNkMgBEIgBEIgBEIgBEIgBIYiEMNnqNORwYRACIRACIRACIRACIRACMxBIIbPHFSzzRAIgRAIgRAIgRAIgRAIgaEIxPAZ6nRkMCEQAiEQAiEQAiEQAiEQAnMQiOEzB9VsMwRCIARCIARCIARCIARCYCgC/wt/qFNI9c2emgAAAABJRU5ErkJggg==', '2025-07-22 00:43:09');

-- --------------------------------------------------------

--
-- Estructura de tabla para la tabla `cursos`
--

CREATE TABLE `cursos` (
  `id` int NOT NULL,
  `codigo` varchar(20) NOT NULL,
  `nombre` varchar(100) NOT NULL,
  `programa_id` int DEFAULT NULL,
  `programa` varchar(100) NOT NULL,
  `area` varchar(100) NOT NULL,
  `semestre` varchar(20) NOT NULL,
  `grupo` varchar(20) NOT NULL,
  `aula` varchar(20) DEFAULT NULL,
  `sede` varchar(50) DEFAULT NULL,
  `profesor_id` int DEFAULT NULL,
  `created_at` timestamp NULL DEFAULT CURRENT_TIMESTAMP
) ENGINE=InnoDB DEFAULT CHARSET=utf8mb4 COLLATE=utf8mb4_0900_ai_ci;

--
-- Volcado de datos para la tabla `cursos`
--

INSERT INTO `cursos` (`id`, `codigo`, `nombre`, `programa_id`, `programa`, `area`, `semestre`, `grupo`, `aula`, `sede`, `profesor_id`, `created_at`) VALUES
(2, '1119', 'Algebra Lineal', NULL, 'PREGRADO INGENIERIA DE SISTEMAS', 'xxxx', '2', '1', '102', 'OTRA', 1, '2025-07-22 00:35:51'),
(3, 'xxx', 'xxxx', NULL, 'PREGRADO INGENIERIA DE SISTEMAS', 'xxxxx', 'xxxx', 'xxxx', 'xxxx', 'OTRA', 1, '2025-07-22 00:47:35'),
(4, 'xxx', 'xxxx', NULL, 'PREGRADO INGENIERIA DE SISTEMAS', 'xxxxx', 'xxxx', 'xxxx', 'xxxx', 'OTRA', 1, '2025-07-22 00:47:38'),
(5, 'xxx', 'xxxx', NULL, 'PREGRADO INGENIERIA DE SISTEMAS', 'xxxxx', 'xxxx', 'xxxx', 'xxxx', 'OTRA', 1, '2025-07-22 00:47:42'),
(6, 'sssss', 'ssss', NULL, 'PREGRADO INGENIERIA DE SISTEMAS', 'ssssss', 'sdssss', 'ssss', 'sssss', 'OTRA', 1, '2025-07-22 01:04:58'),
(7, '1111', 'qqqq', 6, 'MAESTRIA EN INGENIERIA DE SOFTWARE', 'qqqqq', '1', '1', '1', 'OTRA', 3, '2025-07-22 01:48:14'),
(8, '1', 'aaa', 5, 'PREGRADO DERECHO', '1', '1', '1', '1', 'OTRA', 4, '2025-07-22 02:29:17');

-- --------------------------------------------------------

--
-- Estructura de tabla para la tabla `cursos_estudiantes`
--

CREATE TABLE `cursos_estudiantes` (
  `id` int NOT NULL,
  `curso_id` int NOT NULL,
  `estudiante_id` int NOT NULL,
  `created_at` timestamp NULL DEFAULT CURRENT_TIMESTAMP
) ENGINE=InnoDB DEFAULT CHARSET=utf8mb4 COLLATE=utf8mb4_0900_ai_ci;

-- --------------------------------------------------------

--
-- Estructura de tabla para la tabla `estudiantes`
--

CREATE TABLE `estudiantes` (
  `id` int NOT NULL,
  `nombre` varchar(100) NOT NULL,
  `documento` varchar(20) NOT NULL,
  `codigo` varchar(20) NOT NULL,
  `telefono` varchar(20) DEFAULT NULL,
  `direccion` varchar(150) DEFAULT NULL,
  `correo` varchar(100) DEFAULT NULL,
  `created_at` timestamp NULL DEFAULT CURRENT_TIMESTAMP
) ENGINE=InnoDB DEFAULT CHARSET=utf8mb4 COLLATE=utf8mb4_0900_ai_ci;

--
-- Volcado de datos para la tabla `estudiantes`
--

INSERT INTO `estudiantes` (`id`, `nombre`, `documento`, `codigo`, `telefono`, `direccion`, `correo`, `created_at`) VALUES
(2, 'jose', '111', '1111', '891728', '8172187ahsjahsj', 'ajkhsjahsjh@gmail.com', '2025-07-22 00:36:54'),
(3, 'Jose Julio Bohorquez', '1119217998', '85405002025', '3178773186', 'cra 71 d # 3 - 84 kennedy - hipotecho', 'jjbohorquezd@ut.edu.co', '2025-07-22 00:43:09');

-- --------------------------------------------------------

--
-- Estructura de tabla para la tabla `programas`
--

CREATE TABLE `programas` (
  `id` int NOT NULL,
  `nombre` varchar(150) NOT NULL,
  `codigo` varchar(20) NOT NULL,
  `activo` tinyint(1) DEFAULT '1',
  `created_at` timestamp NULL DEFAULT CURRENT_TIMESTAMP
) ENGINE=InnoDB DEFAULT CHARSET=utf8mb4 COLLATE=utf8mb4_0900_ai_ci;

--
-- Volcado de datos para la tabla `programas`
--

INSERT INTO `programas` (`id`, `nombre`, `codigo`, `activo`, `created_at`) VALUES
(1, 'PREGRADO INGENIERIA DE SISTEMAS', 'PGIS', 1, '2025-07-22 01:22:54'),
(2, 'PREGRADO INGENIERIA INDUSTRIAL', 'PGII', 1, '2025-07-22 01:22:54'),
(3, 'PREGRADO ADMINISTRACION DE EMPRESAS', 'PGAE', 1, '2025-07-22 01:22:54'),
(4, 'PREGRADO CONTADURIA PUBLICA', 'PGCP', 1, '2025-07-22 01:22:54'),
(5, 'PREGRADO DERECHO', 'PGD', 1, '2025-07-22 01:22:54'),
(6, 'MAESTRIA EN INGENIERIA DE SOFTWARE', 'MIS', 1, '2025-07-22 01:22:54'),
(7, 'ESPECIALIZACION EN GERENCIA DE PROYECTOS', 'EGP', 1, '2025-07-22 01:22:54');

-- --------------------------------------------------------

--
-- Estructura de tabla para la tabla `sesiones`
--

CREATE TABLE `sesiones` (
  `id` int NOT NULL,
  `curso_id` int NOT NULL,
  `fecha` date NOT NULL,
  `hora_inicio` time NOT NULL,
  `hora_fin` time DEFAULT NULL,
  `estado` enum('activa','finalizada','cancelada') DEFAULT 'activa',
  `created_at` timestamp NULL DEFAULT CURRENT_TIMESTAMP,
  `token` varchar(32) DEFAULT NULL
) ENGINE=InnoDB DEFAULT CHARSET=utf8mb4 COLLATE=utf8mb4_0900_ai_ci;

--
-- Volcado de datos para la tabla `sesiones`
--

INSERT INTO `sesiones` (`id`, `curso_id`, `fecha`, `hora_inicio`, `hora_fin`, `estado`, `created_at`, `token`) VALUES
(3, 2, '2025-07-21', '19:00:00', NULL, 'activa', '2025-07-22 00:36:20', NULL),
(4, 7, '2025-07-22', '06:20:00', NULL, 'activa', '2025-07-22 02:28:15', '00fe80d62ba3a9645407bff161850110'),
(5, 8, '2025-07-22', '19:00:00', NULL, 'finalizada', '2025-07-22 02:29:31', 'fdd0ea449e121fd9135ea48afac740cb');

-- --------------------------------------------------------

--
-- Estructura de tabla para la tabla `usuarios`
--

CREATE TABLE `usuarios` (
  `id` int NOT NULL,
  `username` varchar(50) NOT NULL,
  `password` varchar(255) NOT NULL,
  `nombre` varchar(100) NOT NULL,
  `email` varchar(100) DEFAULT NULL,
  `rol` enum('super_admin','admin','profesor') NOT NULL,
  `activo` tinyint(1) DEFAULT '1',
  `created_at` timestamp NULL DEFAULT CURRENT_TIMESTAMP,
  `updated_at` timestamp NULL DEFAULT CURRENT_TIMESTAMP ON UPDATE CURRENT_TIMESTAMP
) ENGINE=InnoDB DEFAULT CHARSET=utf8mb4 COLLATE=utf8mb4_0900_ai_ci;

--
-- Volcado de datos para la tabla `usuarios`
--

INSERT INTO `usuarios` (`id`, `username`, `password`, `nombre`, `email`, `rol`, `activo`, `created_at`, `updated_at`) VALUES
(1, 'admin', '$2y$12$PZjWt4JVL.X2NakARaotMu12JpIgs1MBWGCYWs/cNLwPeBrjupUJK', 'Administrador', 'admin@universidad.edu', 'admin', 1, '2025-07-22 00:04:46', '2025-07-22 04:00:00'),
(2, 'superadmin', '$2y$12$PZjWt4JVL.X2NakARaotMu12JpIgs1MBWGCYWs/cNLwPeBrjupUJK', 'Super Administrador', 'superadmin@universidad.edu', 'super_admin', 1, '2025-07-22 01:24:18', '2025-07-22 04:00:00'),
(3, 'profesor1', '$2y$12$PZjWt4JVL.X2NakARaotMu12JpIgs1MBWGCYWs/cNLwPeBrjupUJK', 'Profesor Ejemplo', 'profesor1@universidad.edu', 'profesor', 1, '2025-07-22 01:24:18', '2025-07-22 04:00:00'),
(4, 'profe1', '$2y$12$PZjWt4JVL.X2NakARaotMu12JpIgs1MBWGCYWs/cNLwPeBrjupUJK', 'profe1', 'profe1@g.com', 'profesor', 1, '2025-07-22 02:15:33', '2025-07-22 04:00:00');

--
-- Índices para tablas volcadas
--

--
-- Indices de la tabla `asistencias`
--
ALTER TABLE `asistencias`
  ADD PRIMARY KEY (`id`),
  ADD UNIQUE KEY `sesion_id` (`sesion_id`,`estudiante_id`),
  ADD KEY `estudiante_id` (`estudiante_id`);

--
-- Indices de la tabla `cursos`
--
ALTER TABLE `cursos`
  ADD PRIMARY KEY (`id`),
  ADD KEY `profesor_id` (`profesor_id`);

--
-- Indices de la tabla `cursos_estudiantes`
--
ALTER TABLE `cursos_estudiantes`
  ADD PRIMARY KEY (`id`),
  ADD UNIQUE KEY `curso_id` (`curso_id`,`estudiante_id`),
  ADD KEY `estudiante_id` (`estudiante_id`);

--
-- Indices de la tabla `estudiantes`
--
ALTER TABLE `estudiantes`
  ADD PRIMARY KEY (`id`);

--
-- Indices de la tabla `programas`
--
ALTER TABLE `programas`
  ADD PRIMARY KEY (`id`),
  ADD UNIQUE KEY `nombre` (`nombre`),
  ADD UNIQUE KEY `codigo` (`codigo`);

--
-- Indices de la tabla `sesiones`
--
ALTER TABLE `sesiones`
  ADD PRIMARY KEY (`id`),
  ADD UNIQUE KEY `token` (`token`),
  ADD KEY `curso_id` (`curso_id`);

--
-- Indices de la tabla `usuarios`
--
ALTER TABLE `usuarios`
  ADD PRIMARY KEY (`id`),
  ADD UNIQUE KEY `username` (`username`);

--
-- AUTO_INCREMENT de las tablas volcadas
--

--
-- AUTO_INCREMENT de la tabla `asistencias`
--
ALTER TABLE `asistencias`
  MODIFY `id` int NOT NULL AUTO_INCREMENT, AUTO_INCREMENT=4;

--
-- AUTO_INCREMENT de la tabla `cursos`
--
ALTER TABLE `cursos`
  MODIFY `id` int NOT NULL AUTO_INCREMENT, AUTO_INCREMENT=9;

--
-- AUTO_INCREMENT de la tabla `cursos_estudiantes`
--
ALTER TABLE `cursos_estudiantes`
  MODIFY `id` int NOT NULL AUTO_INCREMENT;

--
-- AUTO_INCREMENT de la tabla `estudiantes`
--
ALTER TABLE `estudiantes`
  MODIFY `id` int NOT NULL AUTO_INCREMENT, AUTO_INCREMENT=4;

--
-- AUTO_INCREMENT de la tabla `programas`
--
ALTER TABLE `programas`
  MODIFY `id` int NOT NULL AUTO_INCREMENT, AUTO_INCREMENT=21;

--
-- AUTO_INCREMENT de la tabla `sesiones`
--
ALTER TABLE `sesiones`
  MODIFY `id` int NOT NULL AUTO_INCREMENT, AUTO_INCREMENT=6;

--
-- AUTO_INCREMENT de la tabla `usuarios`
--
ALTER TABLE `usuarios`
  MODIFY `id` int NOT NULL AUTO_INCREMENT, AUTO_INCREMENT=8;

--
-- Restricciones para tablas volcadas
--

--
-- Filtros para la tabla `asistencias`
--
ALTER TABLE `asistencias`
  ADD CONSTRAINT `asistencias_ibfk_1` FOREIGN KEY (`sesion_id`) REFERENCES `sesiones` (`id`),
  ADD CONSTRAINT `asistencias_ibfk_2` FOREIGN KEY (`estudiante_id`) REFERENCES `estudiantes` (`id`);

--
-- Filtros para la tabla `cursos`
--
ALTER TABLE `cursos`
  ADD CONSTRAINT `cursos_ibfk_1` FOREIGN KEY (`profesor_id`) REFERENCES `usuarios` (`id`);

--
-- Filtros para la tabla `cursos_estudiantes`
--
ALTER TABLE `cursos_estudiantes`
  ADD CONSTRAINT `cursos_estudiantes_ibfk_1` FOREIGN KEY (`curso_id`) REFERENCES `cursos` (`id`) ON DELETE CASCADE,
  ADD CONSTRAINT `cursos_estudiantes_ibfk_2` FOREIGN KEY (`estudiante_id`) REFERENCES `estudiantes` (`id`) ON DELETE CASCADE;

--
-- Filtros para la tabla `sesiones`
--
ALTER TABLE `sesiones`
  ADD CONSTRAINT `sesiones_ibfk_1` FOREIGN KEY (`curso_id`) REFERENCES `cursos` (`id`);
COMMIT;

/*!40101 SET CHARACTER_SET_CLIENT=@OLD_CHARACTER_SET_CLIENT */;
/*!40101 SET CHARACTER_SET_RESULTS=@OLD_CHARACTER_SET_RESULTS */;
/*!40101 SET COLLATION_CONNECTION=@OLD_COLLATION_CONNECTION */;
